PID,Name,Path
180,svchost.exe,C:\WINDOWS\system32\svchost.exe
180,kernel32.dll,C:\WINDOWS\system32\kernel32.dll
180,ADVAPI32.dll,C:\WINDOWS\system32\ADVAPI32.dll
180,RPCRT4.dll,C:\WINDOWS\system32\RPCRT4.dll
180,Secur32.dll,C:\WINDOWS\system32\Secur32.dll
180,ShimEng.dll,C:\WINDOWS\system32\ShimEng.dll
180,AcGenral.DLL,C:\WINDOWS\AppPatch\AcGenral.DLL
180,USER32.dll,C:\WINDOWS\system32\USER32.dll
180,GDI32.dll,C:\WINDOWS\system32\GDI32.dll
180,WINMM.dll,C:\WINDOWS\system32\WINMM.dll
180,ole32.dll,C:\WINDOWS\system32\ole32.dll
180,msvcrt.dll,C:\WINDOWS\system32\msvcrt.dll
180,OLEAUT32.dll,C:\WINDOWS\system32\OLEAUT32.dll
180,MSACM32.dll,C:\WINDOWS\system32\MSACM32.dll
180,VERSION.dll,C:\WINDOWS\system32\VERSION.dll
180,SHELL32.dll,C:\WINDOWS\system32\SHELL32.dll
180,SHLWAPI.dll,C:\WINDOWS\system32\SHLWAPI.dll
180,USERENV.dll,C:\WINDOWS\system32\USERENV.dll
180,UxTheme.dll,C:\WINDOWS\system32\UxTheme.dll
180,IMM32.DLL,C:\WINDOWS\system32\IMM32.DLL
180,comctl32.dll,C:\WINDOWS\WinSxS\x86_Microsoft.Windows.Common-Controls_6595b64144ccf1df_6.0.2600.6028_x-ww_61e65202\comctl32.dll
180,comctl32.dll,C:\WINDOWS\system32\comctl32.dll
180,bthserv.dll,c:\windows\system32\bthserv.dll
180,SETUPAPI.dll,c:\windows\system32\SETUPAPI.dll
180,WINTRUST.dll,C:\WINDOWS\system32\WINTRUST.dll
180,CRYPT32.dll,C:\WINDOWS\system32\CRYPT32.dll
180,MSASN1.dll,C:\WINDOWS\system32\MSASN1.dll
180,IMAGEHLP.dll,C:\WINDOWS\system32\IMAGEHLP.dll
180,msv1_0.dll,C:\WINDOWS\system32\msv1_0.dll
180,cryptdll.dll,C:\WINDOWS\system32\cryptdll.dll
180,iphlpapi.dll,C:\WINDOWS\system32\iphlpapi.dll
180,WS2_32.dll,C:\WINDOWS\system32\WS2_32.dll
180,WS2HELP.dll,C:\WINDOWS\system32\WS2HELP.dll
268,alg.exe,C:\WINDOWS\System32\alg.exe
268,kernel32.dll,C:\WINDOWS\system32\kernel32.dll
268,msvcrt.dll,C:\WINDOWS\system32\msvcrt.dll
268,ATL.DLL,C:\WINDOWS\System32\ATL.DLL
268,USER32.dll,C:\WINDOWS\system32\USER32.dll
268,GDI32.dll,C:\WINDOWS\system32\GDI32.dll
268,ADVAPI32.dll,C:\WINDOWS\system32\ADVAPI32.dll
268,RPCRT4.dll,C:\WINDOWS\system32\RPCRT4.dll
268,Secur32.dll,C:\WINDOWS\system32\Secur32.dll
268,ole32.dll,C:\WINDOWS\system32\ole32.dll
268,OLEAUT32.dll,C:\WINDOWS\system32\OLEAUT32.dll
268,WSOCK32.dll,C:\WINDOWS\System32\WSOCK32.dll
268,WS2_32.dll,C:\WINDOWS\System32\WS2_32.dll
268,WS2HELP.dll,C:\WINDOWS\System32\WS2HELP.dll
268,MSWSOCK.DLL,C:\WINDOWS\System32\MSWSOCK.DLL
268,ShimEng.dll,C:\WINDOWS\System32\ShimEng.dll
268,AcGenral.DLL,C:\WINDOWS\AppPatch\AcGenral.DLL
268,WINMM.dll,C:\WINDOWS\System32\WINMM.dll
268,MSACM32.dll,C:\WINDOWS\System32\MSACM32.dll
268,VERSION.dll,C:\WINDOWS\system32\VERSION.dll
268,SHELL32.dll,C:\WINDOWS\system32\SHELL32.dll
268,SHLWAPI.dll,C:\WINDOWS\system32\SHLWAPI.dll
268,USERENV.dll,C:\WINDOWS\system32\USERENV.dll
268,UxTheme.dll,C:\WINDOWS\System32\UxTheme.dll
268,IMM32.DLL,C:\WINDOWS\system32\IMM32.DLL
268,comctl32.dll,C:\WINDOWS\WinSxS\x86_Microsoft.Windows.Common-Controls_6595b64144ccf1df_6.0.2600.6028_x-ww_61e65202\comctl32.dll
268,comctl32.dll,C:\WINDOWS\system32\comctl32.dll
268,CLBCATQ.DLL,C:\WINDOWS\System32\CLBCATQ.DLL
268,COMRes.dll,C:\WINDOWS\System32\COMRes.dll
268,xpsp2res.dll,C:\WINDOWS\System32\xpsp2res.dll
268,hnetcfg.dll,C:\WINDOWS\system32\hnetcfg.dll
268,wshtcpip.dll,C:\WINDOWS\System32\wshtcpip.dll
304,vmtoolsd.exe,C:\Program Files\VMware\VMware Tools\vmtoolsd.exe
304,kernel32.dll,C:\WINDOWS\system32\kernel32.dll
304,ADVAPI32.dll,C:\WINDOWS\system32\ADVAPI32.dll
304,RPCRT4.dll,C:\WINDOWS\system32\RPCRT4.dll
304,Secur32.dll,C:\WINDOWS\system32\Secur32.dll
304,ole32.dll,C:\WINDOWS\system32\ole32.dll
304,GDI32.dll,C:\WINDOWS\system32\GDI32.dll
304,USER32.dll,C:\WINDOWS\system32\USER32.dll
304,msvcrt.dll,C:\WINDOWS\system32\msvcrt.dll
304,VERSION.dll,C:\WINDOWS\system32\VERSION.dll
304,MSVCR90.dll,C:\WINDOWS\WinSxS\x86_Microsoft.VC90.CRT_1fc8b3b9a1e18e3b_9.0.30729.4148_x-ww_d495ac4e\MSVCR90.dll
304,intl.dll,C:\Program Files\VMware\VMware Tools\intl.dll
304,iconv.dll,C:\Program Files\VMware\VMware Tools\iconv.dll
304,glib-2.0.dll,C:\Program Files\VMware\VMware Tools\glib-2.0.dll
304,WS2_32.dll,C:\WINDOWS\system32\WS2_32.dll
304,WS2HELP.dll,C:\WINDOWS\system32\WS2HELP.dll
304,SHELL32.dll,C:\WINDOWS\system32\SHELL32.dll
304,SHLWAPI.dll,C:\WINDOWS\system32\SHLWAPI.dll
304,gmodule-2.0.dll,C:\Program Files\VMware\VMware Tools\gmodule-2.0.dll
304,gobject-2.0.dll,C:\Program Files\VMware\VMware Tools\gobject-2.0.dll
304,gthread-2.0.dll,C:\Program Files\VMware\VMware Tools\gthread-2.0.dll
304,vmtools.dll,C:\Program Files\VMware\VMware Tools\vmtools.dll
304,OLEAUT32.dll,C:\WINDOWS\system32\OLEAUT32.dll
304,IMM32.DLL,C:\WINDOWS\system32\IMM32.DLL
304,comctl32.dll,C:\WINDOWS\WinSxS\x86_Microsoft.Windows.Common-Controls_6595b64144ccf1df_6.0.2600.6028_x-ww_61e65202\comctl32.dll
304,comctl32.dll,C:\WINDOWS\system32\comctl32.dll
304,IpHlpApi.dll,C:\WINDOWS\system32\IpHlpApi.dll
304,NTMARTA.DLL,C:\WINDOWS\system32\NTMARTA.DLL
304,SAMLIB.dll,C:\WINDOWS\system32\SAMLIB.dll
304,WLDAP32.dll,C:\WINDOWS\system32\WLDAP32.dll
304,hgfsServer.dll,C:\Program Files\VMware\VMware Tools\plugins\common\hgfsServer.dll
304,hgfs.dll,C:\Program Files\VMware\VMware Tools\hgfs.dll
304,MPR.dll,C:\WINDOWS\system32\MPR.dll
304,hgfsUsability.dll,C:\Program Files\VMware\VMware Tools\plugins\common\hgfsUsability.dll
304,USERENV.dll,C:\WINDOWS\system32\USERENV.dll
304,vix.dll,C:\Program Files\VMware\VMware Tools\plugins\common\vix.dll
304,autoLogon.dll,C:\Program Files\VMware\VMware Tools\plugins\vmsvc\autoLogon.dll
304,MSVCP90.dll,C:\WINDOWS\WinSxS\x86_Microsoft.VC90.CRT_1fc8b3b9a1e18e3b_9.0.30729.4148_x-ww_d495ac4e\MSVCP90.dll
304,autoUpgrade.dll,C:\Program Files\VMware\VMware Tools\plugins\vmsvc\autoUpgrade.dll
304,WTSAPI32.dll,C:\WINDOWS\system32\WTSAPI32.dll
304,WINSTA.dll,C:\WINDOWS\system32\WINSTA.dll
304,NETAPI32.dll,C:\WINDOWS\system32\NETAPI32.dll
304,bitMapper.dll,C:\Program Files\VMware\VMware Tools\plugins\vmsvc\bitMapper.dll
304,deployPkgPlugin.dll,C:\Program Files\VMware\VMware Tools\plugins\vmsvc\deployPkgPlugin.dll
304,deployPkg.dll,C:\Program Files\VMware\VMware Tools\deployPkg.dll
304,diskWiper.dll,C:\Program Files\VMware\VMware Tools\plugins\vmsvc\diskWiper.dll
304,guestInfo.dll,C:\Program Files\VMware\VMware Tools\plugins\vmsvc\guestInfo.dll
304,hwUpgradeHelper.dll,C:\Program Files\VMware\VMware Tools\plugins\vmsvc\hwUpgradeHelper.dll
304,SETUPAPI.dll,C:\WINDOWS\system32\SETUPAPI.dll
304,powerOps.dll,C:\Program Files\VMware\VMware Tools\plugins\vmsvc\powerOps.dll
304,resolutionSet.dll,C:\Program Files\VMware\VMware Tools\plugins\vmsvc\resolutionSet.dll
304,PSAPI.DLL,C:\WINDOWS\system32\PSAPI.DLL
304,timeSync.dll,C:\Program Files\VMware\VMware Tools\plugins\vmsvc\timeSync.dll
304,vmbackup.dll,C:\Program Files\VMware\VMware Tools\plugins\vmsvc\vmbackup.dll
304,uxtheme.dll,C:\WINDOWS\system32\uxtheme.dll
304,CLBCATQ.DLL,C:\WINDOWS\system32\CLBCATQ.DLL
304,COMRes.dll,C:\WINDOWS\system32\COMRes.dll
304,xpsp2res.dll,C:\WINDOWS\system32\xpsp2res.dll
304,wbemprox.dll,C:\WINDOWS\system32\wbem\wbemprox.dll
304,wbemcomn.dll,C:\WINDOWS\system32\wbem\wbemcomn.dll
304,wbemsvc.dll,C:\WINDOWS\system32\wbem\wbemsvc.dll
304,fastprox.dll,C:\WINDOWS\system32\wbem\fastprox.dll
304,MSVCP60.dll,C:\WINDOWS\system32\MSVCP60.dll
304,NTDSAPI.dll,C:\WINDOWS\system32\NTDSAPI.dll
304,DNSAPI.dll,C:\WINDOWS\system32\DNSAPI.dll
304,netcfgx.dll,C:\WINDOWS\system32\netcfgx.dll
304,CLUSAPI.dll,C:\WINDOWS\system32\CLUSAPI.dll
304,WINTRUST.dll,C:\WINDOWS\system32\WINTRUST.dll
304,CRYPT32.dll,C:\WINDOWS\system32\CRYPT32.dll
304,MSASN1.dll,C:\WINDOWS\system32\MSASN1.dll
304,IMAGEHLP.dll,C:\WINDOWS\system32\IMAGEHLP.dll
304,netman.dll,C:\WINDOWS\system32\netman.dll
304,MPRAPI.dll,C:\WINDOWS\system32\MPRAPI.dll
304,ACTIVEDS.dll,C:\WINDOWS\system32\ACTIVEDS.dll
304,adsldpc.dll,C:\WINDOWS\system32\adsldpc.dll
304,ATL.DLL,C:\WINDOWS\system32\ATL.DLL
304,rtutils.dll,C:\WINDOWS\system32\rtutils.dll
304,netshell.dll,C:\WINDOWS\system32\netshell.dll
304,credui.dll,C:\WINDOWS\system32\credui.dll
304,dot3api.dll,C:\WINDOWS\system32\dot3api.dll
304,dot3dlg.dll,C:\WINDOWS\system32\dot3dlg.dll
304,OneX.DLL,C:\WINDOWS\system32\OneX.DLL
304,eappcfg.dll,C:\WINDOWS\system32\eappcfg.dll
304,eappprxy.dll,C:\WINDOWS\system32\eappprxy.dll
304,RASAPI32.dll,C:\WINDOWS\system32\RASAPI32.dll
304,rasman.dll,C:\WINDOWS\system32\rasman.dll
304,TAPI32.dll,C:\WINDOWS\system32\TAPI32.dll
304,WINMM.dll,C:\WINDOWS\system32\WINMM.dll
304,WININET.dll,C:\WINDOWS\system32\WININET.dll
304,Normaliz.dll,C:\WINDOWS\system32\Normaliz.dll
304,urlmon.dll,C:\WINDOWS\system32\urlmon.dll
304,iertutil.dll,C:\WINDOWS\system32\iertutil.dll
304,WZCSAPI.DLL,C:\WINDOWS\system32\WZCSAPI.DLL
304,WZCSvc.DLL,C:\WINDOWS\system32\WZCSvc.DLL
304,WMI.dll,C:\WINDOWS\system32\WMI.dll
304,DHCPCSVC.DLL,C:\WINDOWS\system32\DHCPCSVC.DLL
304,EapolQec.dll,C:\WINDOWS\system32\EapolQec.dll
304,QUtil.dll,C:\WINDOWS\system32\QUtil.dll
304,ESENT.dll,C:\WINDOWS\system32\ESENT.dll
304,mswsock.dll,C:\WINDOWS\system32\mswsock.dll
304,hnetcfg.dll,C:\WINDOWS\system32\hnetcfg.dll
304,wshtcpip.dll,C:\WINDOWS\System32\wshtcpip.dll
304,perfos.dll,C:\WINDOWS\system32\perfos.dll
304,perfproc.dll,C:\WINDOWS\system32\perfproc.dll
304,perfdisk.dll,C:\WINDOWS\system32\perfdisk.dll
540,chrome.exe,C:\Program Files\Google\Chrome\Application\chrome.exe
540,ntdll.dll,C:\WINDOWS\system32\ntdll.dll
540,kernel32.dll,C:\WINDOWS\system32\kernel32.dll
540,chrome_elf.dll,C:\Program Files\Google\Chrome\Application\34.0.1847.116\chrome_elf.dll
540,ADVAPI32.dll,C:\WINDOWS\system32\ADVAPI32.dll
540,RPCRT4.dll,C:\WINDOWS\system32\RPCRT4.dll
540,Secur32.dll,C:\WINDOWS\system32\Secur32.dll
540,VERSION.dll,C:\WINDOWS\system32\VERSION.dll
540,WINMM.dll,C:\WINDOWS\system32\WINMM.dll
540,GDI32.dll,C:\WINDOWS\system32\GDI32.dll
540,USER32.dll,C:\WINDOWS\system32\USER32.dll
540,SHLWAPI.dll,C:\WINDOWS\system32\SHLWAPI.dll
540,msvcrt.dll,C:\WINDOWS\system32\msvcrt.dll
540,USERENV.dll,C:\WINDOWS\system32\USERENV.dll
540,WTSAPI32.dll,C:\WINDOWS\system32\WTSAPI32.dll
540,WINSTA.dll,C:\WINDOWS\system32\WINSTA.dll
540,NETAPI32.dll,C:\WINDOWS\system32\NETAPI32.dll
540,IMM32.DLL,C:\WINDOWS\system32\IMM32.DLL
540,SHELL32.dll,C:\WINDOWS\system32\SHELL32.dll
540,comctl32.dll,C:\WINDOWS\WinSxS\x86_Microsoft.Windows.Common-Controls_6595b64144ccf1df_6.0.2600.6028_x-ww_61e65202\comctl32.dll
540,chrome.dll,C:\Program Files\Google\Chrome\Application\34.0.1847.116\chrome.dll
540,USP10.dll,C:\WINDOWS\system32\USP10.dll
540,PSAPI.DLL,C:\WINDOWS\system32\PSAPI.DLL
540,ole32.dll,C:\WINDOWS\system32\ole32.dll
540,OLEAUT32.dll,C:\WINDOWS\system32\OLEAUT32.dll
540,credui.dll,C:\WINDOWS\system32\credui.dll
540,WINTRUST.dll,C:\WINDOWS\system32\WINTRUST.dll
540,CRYPT32.dll,C:\WINDOWS\system32\CRYPT32.dll
540,MSASN1.dll,C:\WINDOWS\system32\MSASN1.dll
540,IMAGEHLP.dll,C:\WINDOWS\system32\IMAGEHLP.dll
540,NTDSAPI.dll,C:\WINDOWS\system32\NTDSAPI.dll
540,DNSAPI.dll,C:\WINDOWS\system32\DNSAPI.dll
540,WS2_32.dll,C:\WINDOWS\system32\WS2_32.dll
540,WS2HELP.dll,C:\WINDOWS\system32\WS2HELP.dll
540,WLDAP32.dll,C:\WINDOWS\system32\WLDAP32.dll
540,OLEACC.dll,C:\WINDOWS\system32\OLEACC.dll
540,HID.DLL,C:\WINDOWS\system32\HID.DLL
540,dbghelp.dll,C:\WINDOWS\system32\dbghelp.dll
540,NTMARTA.DLL,C:\WINDOWS\system32\NTMARTA.DLL
540,SAMLIB.dll,C:\WINDOWS\system32\SAMLIB.dll
540,uxtheme.dll,C:\WINDOWS\system32\uxtheme.dll
540,MSCTF.dll,C:\WINDOWS\system32\MSCTF.dll
540,msctfime.ime,C:\WINDOWS\system32\msctfime.ime
540,mswsock.dll,C:\WINDOWS\System32\mswsock.dll
540,IPHLPAPI.DLL,C:\WINDOWS\system32\IPHLPAPI.DLL
540,SETUPAPI.dll,C:\WINDOWS\system32\SETUPAPI.dll
540,rasadhlp.dll,C:\WINDOWS\system32\rasadhlp.dll
540,mscms.dll,C:\WINDOWS\system32\mscms.dll
540,WINSPOOL.DRV,C:\WINDOWS\system32\WINSPOOL.DRV
540,WINHTTP.dll,C:\WINDOWS\system32\WINHTTP.dll
540,RASAPI32.DLL,C:\WINDOWS\system32\RASAPI32.DLL
540,rasman.dll,C:\WINDOWS\system32\rasman.dll
540,TAPI32.dll,C:\WINDOWS\system32\TAPI32.dll
540,rtutils.dll,C:\WINDOWS\system32\rtutils.dll
540,msv1_0.dll,C:\WINDOWS\system32\msv1_0.dll
540,cryptdll.dll,C:\WINDOWS\system32\cryptdll.dll
540,hnetcfg.dll,C:\WINDOWS\system32\hnetcfg.dll
540,wshtcpip.dll,C:\WINDOWS\System32\wshtcpip.dll
540,xpsp2res.dll,C:\WINDOWS\system32\xpsp2res.dll
540,rsaenh.dll,C:\WINDOWS\system32\rsaenh.dll
540,cryptnet.dll,C:\WINDOWS\system32\cryptnet.dll
540,SensApi.dll,C:\WINDOWS\system32\SensApi.dll
540,appHelp.dll,C:\WINDOWS\system32\appHelp.dll
540,CLBCATQ.DLL,C:\WINDOWS\system32\CLBCATQ.DLL
540,COMRes.dll,C:\WINDOWS\system32\COMRes.dll
540,mydocs.dll,C:\WINDOWS\system32\mydocs.dll
540,ntshrui.dll,C:\WINDOWS\system32\ntshrui.dll
540,ATL.DLL,C:\WINDOWS\system32\ATL.DLL
540,netman.dll,C:\WINDOWS\system32\netman.dll
540,MPRAPI.dll,C:\WINDOWS\system32\MPRAPI.dll
540,ACTIVEDS.dll,C:\WINDOWS\system32\ACTIVEDS.dll
540,adsldpc.dll,C:\WINDOWS\system32\adsldpc.dll
540,netshell.dll,C:\WINDOWS\system32\netshell.dll
540,dot3api.dll,C:\WINDOWS\system32\dot3api.dll
540,dot3dlg.dll,C:\WINDOWS\system32\dot3dlg.dll
540,OneX.DLL,C:\WINDOWS\system32\OneX.DLL
540,eappcfg.dll,C:\WINDOWS\system32\eappcfg.dll
540,MSVCP60.dll,C:\WINDOWS\system32\MSVCP60.dll
540,eappprxy.dll,C:\WINDOWS\system32\eappprxy.dll
540,WININET.dll,C:\WINDOWS\system32\WININET.dll
540,Normaliz.dll,C:\WINDOWS\system32\Normaliz.dll
540,urlmon.dll,C:\WINDOWS\system32\urlmon.dll
540,iertutil.dll,C:\WINDOWS\system32\iertutil.dll
540,WZCSAPI.DLL,C:\WINDOWS\system32\WZCSAPI.DLL
540,WZCSvc.DLL,C:\WINDOWS\system32\WZCSvc.DLL
540,WMI.dll,C:\WINDOWS\system32\WMI.dll
540,DHCPCSVC.DLL,C:\WINDOWS\system32\DHCPCSVC.DLL
540,EapolQec.dll,C:\WINDOWS\system32\EapolQec.dll
540,QUtil.dll,C:\WINDOWS\system32\QUtil.dll
540,ESENT.dll,C:\WINDOWS\system32\ESENT.dll
540,wdmaud.drv,C:\WINDOWS\system32\wdmaud.drv
540,msacm32.drv,C:\WINDOWS\system32\msacm32.drv
540,MSACM32.dll,C:\WINDOWS\system32\MSACM32.dll
540,midimap.dll,C:\WINDOWS\system32\midimap.dll
540,devenum.dll,C:\WINDOWS\system32\devenum.dll
540,msdmo.dll,C:\WINDOWS\system32\msdmo.dll
540,Cabinet.dll,C:\WINDOWS\system32\Cabinet.dll
540,qmgrprxy.dll,C:\WINDOWS\system32\qmgrprxy.dll
552,smss.exe,\SystemRoot\System32\smss.exe
616,csrss.exe,\??\C:\WINDOWS\system32\csrss.exe
616,CSRSRV.dll,C:\WINDOWS\system32\CSRSRV.dll
616,basesrv.dll,C:\WINDOWS\system32\basesrv.dll
616,winsrv.dll,C:\WINDOWS\system32\winsrv.dll
616,GDI32.dll,C:\WINDOWS\system32\GDI32.dll
616,KERNEL32.dll,C:\WINDOWS\system32\KERNEL32.dll
616,USER32.dll,C:\WINDOWS\system32\USER32.dll
616,sxs.dll,C:\WINDOWS\system32\sxs.dll
616,ADVAPI32.dll,C:\WINDOWS\system32\ADVAPI32.dll
616,RPCRT4.dll,C:\WINDOWS\system32\RPCRT4.dll
616,Secur32.dll,C:\WINDOWS\system32\Secur32.dll
616,Apphelp.dll,C:\WINDOWS\system32\Apphelp.dll
616,VERSION.dll,C:\WINDOWS\system32\VERSION.dll
640,winlogon.exe,\??\C:\WINDOWS\system32\winlogon.exe
640,kernel32.dll,C:\WINDOWS\system32\kernel32.dll
640,ADVAPI32.dll,C:\WINDOWS\system32\ADVAPI32.dll
640,RPCRT4.dll,C:\WINDOWS\system32\RPCRT4.dll
640,Secur32.dll,C:\WINDOWS\system32\Secur32.dll
640,AUTHZ.dll,C:\WINDOWS\system32\AUTHZ.dll
640,msvcrt.dll,C:\WINDOWS\system32\msvcrt.dll
640,CRYPT32.dll,C:\WINDOWS\system32\CRYPT32.dll
640,MSASN1.dll,C:\WINDOWS\system32\MSASN1.dll
640,USER32.dll,C:\WINDOWS\system32\USER32.dll
640,GDI32.dll,C:\WINDOWS\system32\GDI32.dll
640,NDdeApi.dll,C:\WINDOWS\system32\NDdeApi.dll
640,PROFMAP.dll,C:\WINDOWS\system32\PROFMAP.dll
640,NETAPI32.dll,C:\WINDOWS\system32\NETAPI32.dll
640,USERENV.dll,C:\WINDOWS\system32\USERENV.dll
640,PSAPI.DLL,C:\WINDOWS\system32\PSAPI.DLL
640,REGAPI.dll,C:\WINDOWS\system32\REGAPI.dll
640,SETUPAPI.dll,C:\WINDOWS\system32\SETUPAPI.dll
640,VERSION.dll,C:\WINDOWS\system32\VERSION.dll
640,WINSTA.dll,C:\WINDOWS\system32\WINSTA.dll
640,WINTRUST.dll,C:\WINDOWS\system32\WINTRUST.dll
640,IMAGEHLP.dll,C:\WINDOWS\system32\IMAGEHLP.dll
640,WS2_32.dll,C:\WINDOWS\system32\WS2_32.dll
640,WS2HELP.dll,C:\WINDOWS\system32\WS2HELP.dll
640,IMM32.DLL,C:\WINDOWS\system32\IMM32.DLL
640,MSGINA.dll,C:\WINDOWS\system32\MSGINA.dll
640,COMCTL32.dll,C:\WINDOWS\system32\COMCTL32.dll
640,ODBC32.dll,C:\WINDOWS\system32\ODBC32.dll
640,comdlg32.dll,C:\WINDOWS\system32\comdlg32.dll
640,SHELL32.dll,C:\WINDOWS\system32\SHELL32.dll
640,SHLWAPI.dll,C:\WINDOWS\system32\SHLWAPI.dll
640,comctl32.dll,C:\WINDOWS\WinSxS\x86_Microsoft.Windows.Common-Controls_6595b64144ccf1df_6.0.2600.6028_x-ww_61e65202\comctl32.dll
640,odbcint.dll,C:\WINDOWS\system32\odbcint.dll
640,SHSVCS.dll,C:\WINDOWS\system32\SHSVCS.dll
640,sfc.dll,C:\WINDOWS\system32\sfc.dll
640,sfc_os.dll,C:\WINDOWS\system32\sfc_os.dll
640,ole32.dll,C:\WINDOWS\system32\ole32.dll
640,Apphelp.dll,C:\WINDOWS\system32\Apphelp.dll
640,msctfime.ime,C:\WINDOWS\system32\msctfime.ime
640,WINSCARD.DLL,C:\WINDOWS\system32\WINSCARD.DLL
640,WTSAPI32.dll,C:\WINDOWS\system32\WTSAPI32.dll
640,sxs.dll,C:\WINDOWS\system32\sxs.dll
640,WINMM.dll,C:\WINDOWS\system32\WINMM.dll
640,uxtheme.dll,C:\WINDOWS\system32\uxtheme.dll
640,cscdll.dll,C:\WINDOWS\system32\cscdll.dll
640,dimsntfy.dll,C:\WINDOWS\System32\dimsntfy.dll
640,WlNotify.dll,C:\WINDOWS\system32\WlNotify.dll
640,MPR.dll,C:\WINDOWS\system32\MPR.dll
640,WINSPOOL.DRV,C:\WINDOWS\system32\WINSPOOL.DRV
640,rsaenh.dll,C:\WINDOWS\system32\rsaenh.dll
640,WgaLogon.dll,C:\WINDOWS\system32\WgaLogon.dll
640,OLEAUT32.dll,C:\WINDOWS\system32\OLEAUT32.dll
640,NTMARTA.DLL,C:\WINDOWS\system32\NTMARTA.DLL
640,SAMLIB.dll,C:\WINDOWS\system32\SAMLIB.dll
640,WLDAP32.dll,C:\WINDOWS\system32\WLDAP32.dll
640,CLBCATQ.DLL,C:\WINDOWS\system32\CLBCATQ.DLL
640,COMRes.dll,C:\WINDOWS\system32\COMRes.dll
640,cscui.dll,C:\WINDOWS\system32\cscui.dll
640,xpsp2res.dll,C:\WINDOWS\system32\xpsp2res.dll
640,msv1_0.dll,C:\WINDOWS\system32\msv1_0.dll
640,cryptdll.dll,C:\WINDOWS\system32\cryptdll.dll
640,iphlpapi.dll,C:\WINDOWS\system32\iphlpapi.dll
640,wdmaud.drv,C:\WINDOWS\system32\wdmaud.drv
640,msacm32.drv,C:\WINDOWS\system32\msacm32.drv
640,MSACM32.dll,C:\WINDOWS\system32\MSACM32.dll
640,midimap.dll,C:\WINDOWS\system32\midimap.dll
684,services.exe,C:\WINDOWS\system32\services.exe
684,kernel32.dll,C:\WINDOWS\system32\kernel32.dll
684,ADVAPI32.dll,C:\WINDOWS\system32\ADVAPI32.dll
684,RPCRT4.dll,C:\WINDOWS\system32\RPCRT4.dll
684,Secur32.dll,C:\WINDOWS\system32\Secur32.dll
684,msvcrt.dll,C:\WINDOWS\system32\msvcrt.dll
684,NCObjAPI.DLL,C:\WINDOWS\system32\NCObjAPI.DLL
684,MSVCP60.dll,C:\WINDOWS\system32\MSVCP60.dll
684,SCESRV.dll,C:\WINDOWS\system32\SCESRV.dll
684,AUTHZ.dll,C:\WINDOWS\system32\AUTHZ.dll
684,USER32.dll,C:\WINDOWS\system32\USER32.dll
684,GDI32.dll,C:\WINDOWS\system32\GDI32.dll
684,USERENV.dll,C:\WINDOWS\system32\USERENV.dll
684,umpnpmgr.dll,C:\WINDOWS\system32\umpnpmgr.dll
684,WINSTA.dll,C:\WINDOWS\system32\WINSTA.dll
684,NETAPI32.dll,C:\WINDOWS\system32\NETAPI32.dll
684,ShimEng.dll,C:\WINDOWS\system32\ShimEng.dll
684,AcAdProc.dll,C:\WINDOWS\AppPatch\AcAdProc.dll
684,IMM32.DLL,C:\WINDOWS\system32\IMM32.DLL
684,Apphelp.dll,C:\WINDOWS\system32\Apphelp.dll
684,VERSION.dll,C:\WINDOWS\system32\VERSION.dll
684,eventlog.dll,C:\WINDOWS\system32\eventlog.dll
684,PSAPI.DLL,C:\WINDOWS\system32\PSAPI.DLL
684,WS2_32.dll,C:\WINDOWS\system32\WS2_32.dll
684,WS2HELP.dll,C:\WINDOWS\system32\WS2HELP.dll
684,wtsapi32.dll,C:\WINDOWS\system32\wtsapi32.dll
696,lsass.exe,C:\WINDOWS\system32\lsass.exe
696,kernel32.dll,C:\WINDOWS\system32\kernel32.dll
696,ADVAPI32.dll,C:\WINDOWS\system32\ADVAPI32.dll
696,RPCRT4.dll,C:\WINDOWS\system32\RPCRT4.dll
696,Secur32.dll,C:\WINDOWS\system32\Secur32.dll
696,LSASRV.dll,C:\WINDOWS\system32\LSASRV.dll
696,MPR.dll,C:\WINDOWS\system32\MPR.dll
696,USER32.dll,C:\WINDOWS\system32\USER32.dll
696,GDI32.dll,C:\WINDOWS\system32\GDI32.dll
696,MSASN1.dll,C:\WINDOWS\system32\MSASN1.dll
696,msvcrt.dll,C:\WINDOWS\system32\msvcrt.dll
696,NETAPI32.dll,C:\WINDOWS\system32\NETAPI32.dll
696,NTDSAPI.dll,C:\WINDOWS\system32\NTDSAPI.dll
696,DNSAPI.dll,C:\WINDOWS\system32\DNSAPI.dll
696,WS2_32.dll,C:\WINDOWS\system32\WS2_32.dll
696,WS2HELP.dll,C:\WINDOWS\system32\WS2HELP.dll
696,WLDAP32.dll,C:\WINDOWS\system32\WLDAP32.dll
696,SAMLIB.dll,C:\WINDOWS\system32\SAMLIB.dll
696,SAMSRV.dll,C:\WINDOWS\system32\SAMSRV.dll
696,cryptdll.dll,C:\WINDOWS\system32\cryptdll.dll
696,ShimEng.dll,C:\WINDOWS\system32\ShimEng.dll
696,AcGenral.DLL,C:\WINDOWS\AppPatch\AcGenral.DLL
696,WINMM.dll,C:\WINDOWS\system32\WINMM.dll
696,ole32.dll,C:\WINDOWS\system32\ole32.dll
696,OLEAUT32.dll,C:\WINDOWS\system32\OLEAUT32.dll
696,MSACM32.dll,C:\WINDOWS\system32\MSACM32.dll
696,VERSION.dll,C:\WINDOWS\system32\VERSION.dll
696,SHELL32.dll,C:\WINDOWS\system32\SHELL32.dll
696,SHLWAPI.dll,C:\WINDOWS\system32\SHLWAPI.dll
696,USERENV.dll,C:\WINDOWS\system32\USERENV.dll
696,UxTheme.dll,C:\WINDOWS\system32\UxTheme.dll
696,IMM32.DLL,C:\WINDOWS\system32\IMM32.DLL
696,comctl32.dll,C:\WINDOWS\WinSxS\x86_Microsoft.Windows.Common-Controls_6595b64144ccf1df_6.0.2600.6028_x-ww_61e65202\comctl32.dll
696,comctl32.dll,C:\WINDOWS\system32\comctl32.dll
696,msprivs.dll,C:\WINDOWS\system32\msprivs.dll
696,kerberos.dll,C:\WINDOWS\system32\kerberos.dll
696,msv1_0.dll,C:\WINDOWS\system32\msv1_0.dll
696,iphlpapi.dll,C:\WINDOWS\system32\iphlpapi.dll
696,netlogon.dll,C:\WINDOWS\system32\netlogon.dll
696,w32time.dll,C:\WINDOWS\system32\w32time.dll
696,MSVCP60.dll,C:\WINDOWS\system32\MSVCP60.dll
696,schannel.dll,C:\WINDOWS\system32\schannel.dll
696,CRYPT32.dll,C:\WINDOWS\system32\CRYPT32.dll
696,wdigest.dll,C:\WINDOWS\system32\wdigest.dll
696,rsaenh.dll,C:\WINDOWS\system32\rsaenh.dll
696,setupapi.dll,C:\WINDOWS\system32\setupapi.dll
696,scecli.dll,C:\WINDOWS\system32\scecli.dll
696,ipsecsvc.dll,C:\WINDOWS\system32\ipsecsvc.dll
696,AUTHZ.dll,C:\WINDOWS\system32\AUTHZ.dll
696,oakley.DLL,C:\WINDOWS\system32\oakley.DLL
696,WINIPSEC.DLL,C:\WINDOWS\system32\WINIPSEC.DLL
696,mswsock.dll,C:\WINDOWS\system32\mswsock.dll
696,hnetcfg.dll,C:\WINDOWS\system32\hnetcfg.dll
696,wshtcpip.dll,C:\WINDOWS\System32\wshtcpip.dll
696,pstorsvc.dll,C:\WINDOWS\system32\pstorsvc.dll
696,psbase.dll,C:\WINDOWS\system32\psbase.dll
696,dssenh.dll,C:\WINDOWS\system32\dssenh.dll
852,vmacthlp.exe,C:\Program Files\VMware\VMware Tools\vmacthlp.exe
852,kernel32.dll,C:\WINDOWS\system32\kernel32.dll
852,MSVCR90.dll,C:\WINDOWS\WinSxS\x86_Microsoft.VC90.CRT_1fc8b3b9a1e18e3b_9.0.30729.4148_x-ww_d495ac4e\MSVCR90.dll
852,ADVAPI32.dll,C:\WINDOWS\system32\ADVAPI32.dll
852,RPCRT4.dll,C:\WINDOWS\system32\RPCRT4.dll
852,Secur32.dll,C:\WINDOWS\system32\Secur32.dll
852,SHFOLDER.dll,C:\WINDOWS\system32\SHFOLDER.dll
852,msvcrt.dll,C:\WINDOWS\system32\msvcrt.dll
852,USER32.dll,C:\WINDOWS\system32\USER32.dll
852,GDI32.dll,C:\WINDOWS\system32\GDI32.dll
852,ole32.dll,C:\WINDOWS\system32\ole32.dll
852,OLEAUT32.dll,C:\WINDOWS\system32\OLEAUT32.dll
852,MSVCP90.dll,C:\WINDOWS\WinSxS\x86_Microsoft.VC90.CRT_1fc8b3b9a1e18e3b_9.0.30729.4148_x-ww_d495ac4e\MSVCP90.dll
852,IMM32.DLL,C:\WINDOWS\system32\IMM32.DLL
852,NTMARTA.DLL,C:\WINDOWS\system32\NTMARTA.DLL
852,SAMLIB.dll,C:\WINDOWS\system32\SAMLIB.dll
852,WLDAP32.dll,C:\WINDOWS\system32\WLDAP32.dll
852,SHLWAPI.dll,C:\WINDOWS\system32\SHLWAPI.dll
852,comctl32.dll,C:\WINDOWS\WinSxS\x86_Microsoft.Windows.Common-Controls_6595b64144ccf1df_6.0.2600.6028_x-ww_61e65202\comctl32.dll
852,comctl32.dll,C:\WINDOWS\system32\comctl32.dll
880,svchost.exe,C:\WINDOWS\system32\svchost.exe
880,kernel32.dll,C:\WINDOWS\system32\kernel32.dll
880,ADVAPI32.dll,C:\WINDOWS\system32\ADVAPI32.dll
880,RPCRT4.dll,C:\WINDOWS\system32\RPCRT4.dll
880,Secur32.dll,C:\WINDOWS\system32\Secur32.dll
880,ShimEng.dll,C:\WINDOWS\system32\ShimEng.dll
880,AcGenral.DLL,C:\WINDOWS\AppPatch\AcGenral.DLL
880,USER32.dll,C:\WINDOWS\system32\USER32.dll
880,GDI32.dll,C:\WINDOWS\system32\GDI32.dll
880,WINMM.dll,C:\WINDOWS\system32\WINMM.dll
880,ole32.dll,C:\WINDOWS\system32\ole32.dll
880,msvcrt.dll,C:\WINDOWS\system32\msvcrt.dll
880,OLEAUT32.dll,C:\WINDOWS\system32\OLEAUT32.dll
880,MSACM32.dll,C:\WINDOWS\system32\MSACM32.dll
880,VERSION.dll,C:\WINDOWS\system32\VERSION.dll
880,SHELL32.dll,C:\WINDOWS\system32\SHELL32.dll
880,SHLWAPI.dll,C:\WINDOWS\system32\SHLWAPI.dll
880,USERENV.dll,C:\WINDOWS\system32\USERENV.dll
880,UxTheme.dll,C:\WINDOWS\system32\UxTheme.dll
880,IMM32.DLL,C:\WINDOWS\system32\IMM32.DLL
880,comctl32.dll,C:\WINDOWS\WinSxS\x86_Microsoft.Windows.Common-Controls_6595b64144ccf1df_6.0.2600.6028_x-ww_61e65202\comctl32.dll
880,comctl32.dll,C:\WINDOWS\system32\comctl32.dll
880,NTMARTA.DLL,C:\WINDOWS\system32\NTMARTA.DLL
880,SAMLIB.dll,C:\WINDOWS\system32\SAMLIB.dll
880,WLDAP32.dll,C:\WINDOWS\system32\WLDAP32.dll
880,rpcss.dll,c:\windows\system32\rpcss.dll
880,WS2_32.dll,c:\windows\system32\WS2_32.dll
880,WS2HELP.dll,c:\windows\system32\WS2HELP.dll
880,xpsp2res.dll,C:\WINDOWS\system32\xpsp2res.dll
880,CLBCATQ.DLL,C:\WINDOWS\system32\CLBCATQ.DLL
880,COMRes.dll,C:\WINDOWS\system32\COMRes.dll
880,Apphelp.dll,C:\WINDOWS\system32\Apphelp.dll
880,termsrv.dll,c:\windows\system32\termsrv.dll
880,ICAAPI.dll,c:\windows\system32\ICAAPI.dll
880,SETUPAPI.dll,c:\windows\system32\SETUPAPI.dll
880,WINTRUST.dll,c:\windows\system32\WINTRUST.dll
880,CRYPT32.dll,c:\windows\system32\CRYPT32.dll
880,MSASN1.dll,c:\windows\system32\MSASN1.dll
880,IMAGEHLP.dll,C:\WINDOWS\system32\IMAGEHLP.dll
880,AUTHZ.dll,c:\windows\system32\AUTHZ.dll
880,mstlsapi.dll,c:\windows\system32\mstlsapi.dll
880,ACTIVEDS.dll,c:\windows\system32\ACTIVEDS.dll
880,adsldpc.dll,c:\windows\system32\adsldpc.dll
880,NETAPI32.dll,c:\windows\system32\NETAPI32.dll
880,ATL.DLL,c:\windows\system32\ATL.DLL
880,REGAPI.dll,C:\WINDOWS\system32\REGAPI.dll
880,rsaenh.dll,C:\WINDOWS\system32\rsaenh.dll
972,svchost.exe,C:\WINDOWS\system32\svchost.exe
972,kernel32.dll,C:\WINDOWS\system32\kernel32.dll
972,ADVAPI32.dll,C:\WINDOWS\system32\ADVAPI32.dll
972,RPCRT4.dll,C:\WINDOWS\system32\RPCRT4.dll
972,Secur32.dll,C:\WINDOWS\system32\Secur32.dll
972,ShimEng.dll,C:\WINDOWS\system32\ShimEng.dll
972,AcGenral.DLL,C:\WINDOWS\AppPatch\AcGenral.DLL
972,USER32.dll,C:\WINDOWS\system32\USER32.dll
972,GDI32.dll,C:\WINDOWS\system32\GDI32.dll
972,WINMM.dll,C:\WINDOWS\system32\WINMM.dll
972,ole32.dll,C:\WINDOWS\system32\ole32.dll
972,msvcrt.dll,C:\WINDOWS\system32\msvcrt.dll
972,OLEAUT32.dll,C:\WINDOWS\system32\OLEAUT32.dll
972,MSACM32.dll,C:\WINDOWS\system32\MSACM32.dll
972,VERSION.dll,C:\WINDOWS\system32\VERSION.dll
972,SHELL32.dll,C:\WINDOWS\system32\SHELL32.dll
972,SHLWAPI.dll,C:\WINDOWS\system32\SHLWAPI.dll
972,USERENV.dll,C:\WINDOWS\system32\USERENV.dll
972,UxTheme.dll,C:\WINDOWS\system32\UxTheme.dll
972,IMM32.DLL,C:\WINDOWS\system32\IMM32.DLL
972,comctl32.dll,C:\WINDOWS\WinSxS\x86_Microsoft.Windows.Common-Controls_6595b64144ccf1df_6.0.2600.6028_x-ww_61e65202\comctl32.dll
972,comctl32.dll,C:\WINDOWS\system32\comctl32.dll
972,rpcss.dll,c:\windows\system32\rpcss.dll
972,WS2_32.dll,c:\windows\system32\WS2_32.dll
972,WS2HELP.dll,c:\windows\system32\WS2HELP.dll
972,xpsp2res.dll,C:\WINDOWS\system32\xpsp2res.dll
972,rsaenh.dll,C:\WINDOWS\system32\rsaenh.dll
972,mswsock.dll,C:\WINDOWS\system32\mswsock.dll
972,hnetcfg.dll,C:\WINDOWS\system32\hnetcfg.dll
972,wshtcpip.dll,C:\WINDOWS\System32\wshtcpip.dll
972,DNSAPI.dll,C:\WINDOWS\system32\DNSAPI.dll
972,iphlpapi.dll,C:\WINDOWS\system32\iphlpapi.dll
972,winrnr.dll,C:\WINDOWS\System32\winrnr.dll
972,WLDAP32.dll,C:\WINDOWS\system32\WLDAP32.dll
972,wshbth.dll,C:\WINDOWS\system32\wshbth.dll
972,SETUPAPI.dll,C:\WINDOWS\system32\SETUPAPI.dll
972,rasadhlp.dll,C:\WINDOWS\system32\rasadhlp.dll
972,CLBCATQ.DLL,C:\WINDOWS\system32\CLBCATQ.DLL
972,COMRes.dll,C:\WINDOWS\system32\COMRes.dll
1096,svchost.exe,C:\WINDOWS\System32\svchost.exe
1096,ntdll.dll,C:\WINDOWS\system32\ntdll.dll
1096,kernel32.dll,C:\WINDOWS\system32\kernel32.dll
1096,ADVAPI32.dll,C:\WINDOWS\system32\ADVAPI32.dll
1096,RPCRT4.dll,C:\WINDOWS\system32\RPCRT4.dll
1096,Secur32.dll,C:\WINDOWS\system32\Secur32.dll
1096,ShimEng.dll,C:\WINDOWS\System32\ShimEng.dll
1096,AcGenral.DLL,C:\WINDOWS\AppPatch\AcGenral.DLL
1096,USER32.dll,C:\WINDOWS\system32\USER32.dll
1096,GDI32.dll,C:\WINDOWS\system32\GDI32.dll
1096,WINMM.dll,C:\WINDOWS\System32\WINMM.dll
1096,ole32.dll,C:\WINDOWS\system32\ole32.dll
1096,msvcrt.dll,C:\WINDOWS\system32\msvcrt.dll
1096,OLEAUT32.dll,C:\WINDOWS\system32\OLEAUT32.dll
1096,MSACM32.dll,C:\WINDOWS\System32\MSACM32.dll
1096,VERSION.dll,C:\WINDOWS\system32\VERSION.dll
1096,SHELL32.dll,C:\WINDOWS\system32\SHELL32.dll
1096,SHLWAPI.dll,C:\WINDOWS\system32\SHLWAPI.dll
1096,USERENV.dll,C:\WINDOWS\system32\USERENV.dll
1096,UxTheme.dll,C:\WINDOWS\System32\UxTheme.dll
1096,IMM32.DLL,C:\WINDOWS\system32\IMM32.DLL
1096,comctl32.dll,C:\WINDOWS\WinSxS\x86_Microsoft.Windows.Common-Controls_6595b64144ccf1df_6.0.2600.6028_x-ww_61e65202\comctl32.dll
1096,comctl32.dll,C:\WINDOWS\system32\comctl32.dll
1096,NTMARTA.DLL,C:\WINDOWS\System32\NTMARTA.DLL
1096,SAMLIB.dll,C:\WINDOWS\System32\SAMLIB.dll
1096,WLDAP32.dll,C:\WINDOWS\system32\WLDAP32.dll
1096,xpsp2res.dll,C:\WINDOWS\System32\xpsp2res.dll
1096,shsvcs.dll,c:\windows\system32\shsvcs.dll
1096,WINSTA.dll,C:\WINDOWS\System32\WINSTA.dll
1096,NETAPI32.dll,C:\WINDOWS\System32\NETAPI32.dll
1096,rsaenh.dll,C:\WINDOWS\System32\rsaenh.dll
1096,dhcpcsvc.dll,c:\windows\system32\dhcpcsvc.dll
1096,DNSAPI.dll,c:\windows\system32\DNSAPI.dll
1096,WS2_32.dll,c:\windows\system32\WS2_32.dll
1096,WS2HELP.dll,c:\windows\system32\WS2HELP.dll
1096,iphlpapi.dll,c:\windows\system32\iphlpapi.dll
1096,mswsock.dll,C:\WINDOWS\system32\mswsock.dll
1096,hnetcfg.dll,C:\WINDOWS\System32\hnetcfg.dll
1096,wshtcpip.dll,C:\WINDOWS\System32\wshtcpip.dll
1096,wzcsvc.dll,c:\windows\system32\wzcsvc.dll
1096,rtutils.dll,c:\windows\system32\rtutils.dll
1096,WMI.dll,c:\windows\system32\WMI.dll
1096,CRYPT32.dll,c:\windows\system32\CRYPT32.dll
1096,MSASN1.dll,c:\windows\system32\MSASN1.dll
1096,EapolQec.dll,c:\windows\system32\EapolQec.dll
1096,ATL.DLL,c:\windows\system32\ATL.DLL
1096,QUtil.dll,c:\windows\system32\QUtil.dll
1096,MSVCP60.dll,c:\windows\system32\MSVCP60.dll
1096,dot3api.dll,c:\windows\system32\dot3api.dll
1096,WTSAPI32.dll,c:\windows\system32\WTSAPI32.dll
1096,ESENT.dll,c:\windows\system32\ESENT.dll
1096,CLBCATQ.DLL,C:\WINDOWS\System32\CLBCATQ.DLL
1096,COMRes.dll,C:\WINDOWS\System32\COMRes.dll
1096,rastls.dll,C:\WINDOWS\System32\rastls.dll
1096,CRYPTUI.dll,C:\WINDOWS\System32\CRYPTUI.dll
1096,WININET.dll,C:\WINDOWS\system32\WININET.dll
1096,Normaliz.dll,C:\WINDOWS\system32\Normaliz.dll
1096,urlmon.dll,C:\WINDOWS\system32\urlmon.dll
1096,iertutil.dll,C:\WINDOWS\system32\iertutil.dll
1096,WINTRUST.dll,C:\WINDOWS\System32\WINTRUST.dll
1096,IMAGEHLP.dll,C:\WINDOWS\system32\IMAGEHLP.dll
1096,MPRAPI.dll,C:\WINDOWS\System32\MPRAPI.dll
1096,ACTIVEDS.dll,C:\WINDOWS\System32\ACTIVEDS.dll
1096,adsldpc.dll,C:\WINDOWS\System32\adsldpc.dll
1096,SETUPAPI.dll,C:\WINDOWS\System32\SETUPAPI.dll
1096,RASAPI32.dll,C:\WINDOWS\System32\RASAPI32.dll
1096,rasman.dll,C:\WINDOWS\System32\rasman.dll
1096,TAPI32.dll,C:\WINDOWS\System32\TAPI32.dll
1096,SCHANNEL.dll,C:\WINDOWS\System32\SCHANNEL.dll
1096,WinSCard.dll,C:\WINDOWS\System32\WinSCard.dll
1096,PSAPI.DLL,C:\WINDOWS\System32\PSAPI.DLL
1096,raschap.dll,C:\WINDOWS\System32\raschap.dll
1096,msv1_0.dll,C:\WINDOWS\system32\msv1_0.dll
1096,cryptdll.dll,C:\WINDOWS\System32\cryptdll.dll
1096,schedsvc.dll,c:\windows\system32\schedsvc.dll
1096,NTDSAPI.dll,c:\windows\system32\NTDSAPI.dll
1096,MSIDLE.DLL,C:\WINDOWS\System32\MSIDLE.DLL
1096,audiosrv.dll,c:\windows\system32\audiosrv.dll
1096,wkssvc.dll,c:\windows\system32\wkssvc.dll
1096,qmgr.dll,c:\windows\system32\qmgr.dll
1096,MPR.dll,C:\WINDOWS\system32\MPR.dll
1096,SHFOLDER.dll,c:\windows\system32\SHFOLDER.dll
1096,WINHTTP.dll,c:\windows\system32\WINHTTP.dll
1096,pchsvc.dll,c:\windows\pchealth\helpctr\binaries\pchsvc.dll
1096,es.dll,c:\windows\system32\es.dll
1096,ersvc.dll,c:\windows\system32\ersvc.dll
1096,dmserver.dll,c:\windows\system32\dmserver.dll
1096,cryptsvc.dll,c:\windows\system32\cryptsvc.dll
1096,certcli.dll,c:\windows\system32\certcli.dll
1096,srvsvc.dll,c:\windows\system32\srvsvc.dll
1096,netman.dll,c:\windows\system32\netman.dll
1096,netshell.dll,c:\windows\system32\netshell.dll
1096,credui.dll,c:\windows\system32\credui.dll
1096,dot3dlg.dll,c:\windows\system32\dot3dlg.dll
1096,OneX.DLL,c:\windows\system32\OneX.DLL
1096,eappcfg.dll,c:\windows\system32\eappcfg.dll
1096,eappprxy.dll,c:\windows\system32\eappprxy.dll
1096,WZCSAPI.DLL,c:\windows\system32\WZCSAPI.DLL
1096,seclogon.dll,c:\windows\system32\seclogon.dll
1096,srsvc.dll,c:\windows\system32\srsvc.dll
1096,POWRPROF.dll,c:\windows\system32\POWRPROF.dll
1096,trkwks.dll,c:\windows\system32\trkwks.dll
1096,w32time.dll,c:\windows\system32\w32time.dll
1096,wmisvc.dll,c:\windows\system32\wbem\wmisvc.dll
1096,VSSAPI.DLL,C:\WINDOWS\system32\VSSAPI.DLL
1096,wuauserv.dll,c:\windows\system32\wuauserv.dll
1096,wuaueng.dll,C:\WINDOWS\system32\wuaueng.dll
1096,WINSPOOL.DRV,C:\WINDOWS\System32\WINSPOOL.DRV
1096,Cabinet.dll,C:\WINDOWS\System32\Cabinet.dll
1096,mspatcha.dll,C:\WINDOWS\System32\mspatcha.dll
1096,sens.dll,c:\windows\system32\sens.dll
1096,wscsvc.dll,c:\windows\system32\wscsvc.dll
1096,msi.dll,c:\windows\system32\msi.dll
1096,wbemcomn.dll,C:\WINDOWS\system32\wbem\wbemcomn.dll
1096,wbemcore.dll,C:\WINDOWS\System32\Wbem\wbemcore.dll
1096,esscli.dll,C:\WINDOWS\System32\Wbem\esscli.dll
1096,FastProx.dll,C:\WINDOWS\System32\Wbem\FastProx.dll
1096,ipnathlp.dll,c:\windows\system32\ipnathlp.dll
1096,AUTHZ.dll,c:\windows\system32\AUTHZ.dll
1096,wmiutils.dll,C:\WINDOWS\system32\wbem\wmiutils.dll
1096,repdrvfs.dll,C:\WINDOWS\system32\wbem\repdrvfs.dll
1096,SXS.DLL,C:\WINDOWS\System32\SXS.DLL
1096,comsvcs.dll,C:\WINDOWS\system32\comsvcs.dll
1096,colbact.DLL,C:\WINDOWS\system32\colbact.DLL
1096,MTXCLU.DLL,C:\WINDOWS\system32\MTXCLU.DLL
1096,WSOCK32.dll,C:\WINDOWS\system32\WSOCK32.dll
1096,CLUSAPI.DLL,C:\WINDOWS\System32\CLUSAPI.DLL
1096,RESUTILS.DLL,C:\WINDOWS\System32\RESUTILS.DLL
1096,wmiprvsd.dll,C:\WINDOWS\system32\wbem\wmiprvsd.dll
1096,NCObjAPI.DLL,C:\WINDOWS\system32\NCObjAPI.DLL
1096,wbemess.dll,C:\WINDOWS\system32\wbem\wbemess.dll
1096,ncprov.dll,C:\WINDOWS\system32\wbem\ncprov.dll
1096,winrnr.dll,C:\WINDOWS\System32\winrnr.dll
1096,wshbth.dll,C:\WINDOWS\system32\wshbth.dll
1096,sfc.dll,C:\WINDOWS\System32\sfc.dll
1096,sfc_os.dll,C:\WINDOWS\System32\sfc_os.dll
1096,browser.dll,c:\windows\system32\browser.dll
1096,Apphelp.dll,C:\WINDOWS\system32\Apphelp.dll
1096,upnp.dll,C:\WINDOWS\system32\upnp.dll
1096,SSDPAPI.dll,C:\WINDOWS\system32\SSDPAPI.dll
1096,netcfgx.dll,C:\WINDOWS\system32\netcfgx.dll
1096,rasadhlp.dll,C:\WINDOWS\System32\rasadhlp.dll
1096,RASDLG.dll,C:\WINDOWS\System32\RASDLG.dll
1096,dssenh.dll,C:\WINDOWS\System32\dssenh.dll
1096,tapisrv.dll,c:\windows\system32\tapisrv.dll
1096,rasmans.dll,c:\windows\system32\rasmans.dll
1096,WINIPSEC.DLL,c:\windows\system32\WINIPSEC.DLL
1096,rastapi.dll,C:\WINDOWS\System32\rastapi.dll
1096,unimdm.tsp,C:\WINDOWS\System32\unimdm.tsp
1096,uniplat.dll,C:\WINDOWS\System32\uniplat.dll
1096,kmddsp.tsp,C:\WINDOWS\System32\kmddsp.tsp
1096,ndptsp.tsp,C:\WINDOWS\System32\ndptsp.tsp
1096,ipconf.tsp,C:\WINDOWS\System32\ipconf.tsp
1096,h323.tsp,C:\WINDOWS\System32\h323.tsp
1096,hidphone.tsp,C:\WINDOWS\System32\hidphone.tsp
1096,HID.DLL,C:\WINDOWS\System32\HID.DLL
1096,rasppp.dll,C:\WINDOWS\System32\rasppp.dll
1096,ntlsapi.dll,C:\WINDOWS\System32\ntlsapi.dll
1096,kerberos.dll,C:\WINDOWS\system32\kerberos.dll
1096,RASQEC.DLL,C:\WINDOWS\System32\RASQEC.DLL
1096,qmgrprxy.dll,C:\WINDOWS\system32\qmgrprxy.dll
1096,bitsprx4.dll,C:\WINDOWS\system32\bitsprx4.dll
1096,wbemcons.dll,C:\WINDOWS\system32\wbem\wbemcons.dll
1184,svchost.exe,C:\WINDOWS\system32\svchost.exe
1184,kernel32.dll,C:\WINDOWS\system32\kernel32.dll
1184,ADVAPI32.dll,C:\WINDOWS\system32\ADVAPI32.dll
1184,RPCRT4.dll,C:\WINDOWS\system32\RPCRT4.dll
1184,Secur32.dll,C:\WINDOWS\system32\Secur32.dll
1184,ShimEng.dll,C:\WINDOWS\system32\ShimEng.dll
1184,AcGenral.DLL,C:\WINDOWS\AppPatch\AcGenral.DLL
1184,USER32.dll,C:\WINDOWS\system32\USER32.dll
1184,GDI32.dll,C:\WINDOWS\system32\GDI32.dll
1184,WINMM.dll,C:\WINDOWS\system32\WINMM.dll
1184,ole32.dll,C:\WINDOWS\system32\ole32.dll
1184,msvcrt.dll,C:\WINDOWS\system32\msvcrt.dll
1184,OLEAUT32.dll,C:\WINDOWS\system32\OLEAUT32.dll
1184,MSACM32.dll,C:\WINDOWS\system32\MSACM32.dll
1184,VERSION.dll,C:\WINDOWS\system32\VERSION.dll
1184,SHELL32.dll,C:\WINDOWS\system32\SHELL32.dll
1184,SHLWAPI.dll,C:\WINDOWS\system32\SHLWAPI.dll
1184,USERENV.dll,C:\WINDOWS\system32\USERENV.dll
1184,UxTheme.dll,C:\WINDOWS\system32\UxTheme.dll
1184,IMM32.DLL,C:\WINDOWS\system32\IMM32.DLL
1184,comctl32.dll,C:\WINDOWS\WinSxS\x86_Microsoft.Windows.Common-Controls_6595b64144ccf1df_6.0.2600.6028_x-ww_61e65202\comctl32.dll
1184,comctl32.dll,C:\WINDOWS\system32\comctl32.dll
1184,dnsrslvr.dll,c:\windows\system32\dnsrslvr.dll
1184,DNSAPI.dll,c:\windows\system32\DNSAPI.dll
1184,WS2_32.dll,c:\windows\system32\WS2_32.dll
1184,WS2HELP.dll,c:\windows\system32\WS2HELP.dll
1184,iphlpapi.dll,c:\windows\system32\iphlpapi.dll
1184,rsaenh.dll,C:\WINDOWS\system32\rsaenh.dll
1184,mswsock.dll,C:\WINDOWS\system32\mswsock.dll
1184,hnetcfg.dll,C:\WINDOWS\system32\hnetcfg.dll
1184,wshtcpip.dll,C:\WINDOWS\System32\wshtcpip.dll
1328,wscntfy.exe,C:\WINDOWS\system32\wscntfy.exe
1328,kernel32.dll,C:\WINDOWS\system32\kernel32.dll
1328,msvcrt.dll,C:\WINDOWS\system32\msvcrt.dll
1328,USER32.dll,C:\WINDOWS\system32\USER32.dll
1328,GDI32.dll,C:\WINDOWS\system32\GDI32.dll
1328,SHELL32.dll,C:\WINDOWS\system32\SHELL32.dll
1328,ADVAPI32.dll,C:\WINDOWS\system32\ADVAPI32.dll
1328,RPCRT4.dll,C:\WINDOWS\system32\RPCRT4.dll
1328,Secur32.dll,C:\WINDOWS\system32\Secur32.dll
1328,SHLWAPI.dll,C:\WINDOWS\system32\SHLWAPI.dll
1328,IMM32.DLL,C:\WINDOWS\system32\IMM32.DLL
1328,comctl32.dll,C:\WINDOWS\WinSxS\x86_Microsoft.Windows.Common-Controls_6595b64144ccf1df_6.0.2600.6028_x-ww_61e65202\comctl32.dll
1328,xpsp2res.dll,C:\WINDOWS\system32\xpsp2res.dll
1328,uxtheme.dll,C:\WINDOWS\system32\uxtheme.dll
1328,MSCTF.dll,C:\WINDOWS\system32\MSCTF.dll
1328,msctfime.ime,C:\WINDOWS\system32\msctfime.ime
1328,ole32.dll,C:\WINDOWS\system32\ole32.dll
1332,svchost.exe,C:\WINDOWS\system32\svchost.exe
1332,kernel32.dll,C:\WINDOWS\system32\kernel32.dll
1332,ADVAPI32.dll,C:\WINDOWS\system32\ADVAPI32.dll
1332,RPCRT4.dll,C:\WINDOWS\system32\RPCRT4.dll
1332,Secur32.dll,C:\WINDOWS\system32\Secur32.dll
1332,ShimEng.dll,C:\WINDOWS\system32\ShimEng.dll
1332,AcGenral.DLL,C:\WINDOWS\AppPatch\AcGenral.DLL
1332,USER32.dll,C:\WINDOWS\system32\USER32.dll
1332,GDI32.dll,C:\WINDOWS\system32\GDI32.dll
1332,WINMM.dll,C:\WINDOWS\system32\WINMM.dll
1332,ole32.dll,C:\WINDOWS\system32\ole32.dll
1332,msvcrt.dll,C:\WINDOWS\system32\msvcrt.dll
1332,OLEAUT32.dll,C:\WINDOWS\system32\OLEAUT32.dll
1332,MSACM32.dll,C:\WINDOWS\system32\MSACM32.dll
1332,VERSION.dll,C:\WINDOWS\system32\VERSION.dll
1332,SHELL32.dll,C:\WINDOWS\system32\SHELL32.dll
1332,SHLWAPI.dll,C:\WINDOWS\system32\SHLWAPI.dll
1332,USERENV.dll,C:\WINDOWS\system32\USERENV.dll
1332,UxTheme.dll,C:\WINDOWS\system32\UxTheme.dll
1332,IMM32.DLL,C:\WINDOWS\system32\IMM32.DLL
1332,comctl32.dll,C:\WINDOWS\WinSxS\x86_Microsoft.Windows.Common-Controls_6595b64144ccf1df_6.0.2600.6028_x-ww_61e65202\comctl32.dll
1332,comctl32.dll,C:\WINDOWS\system32\comctl32.dll
1332,NTMARTA.DLL,C:\WINDOWS\system32\NTMARTA.DLL
1332,SAMLIB.dll,C:\WINDOWS\system32\SAMLIB.dll
1332,WLDAP32.dll,C:\WINDOWS\system32\WLDAP32.dll
1332,xpsp2res.dll,C:\WINDOWS\system32\xpsp2res.dll
1332,lmhsvc.dll,c:\windows\system32\lmhsvc.dll
1332,iphlpapi.dll,c:\windows\system32\iphlpapi.dll
1332,WS2_32.dll,c:\windows\system32\WS2_32.dll
1332,WS2HELP.dll,c:\windows\system32\WS2HELP.dll
1332,regsvc.dll,c:\windows\system32\regsvc.dll
1332,ssdpsrv.dll,c:\windows\system32\ssdpsrv.dll
1332,hnetcfg.dll,C:\WINDOWS\system32\hnetcfg.dll
1332,CLBCATQ.DLL,C:\WINDOWS\system32\CLBCATQ.DLL
1332,COMRes.dll,C:\WINDOWS\system32\COMRes.dll
1332,mswsock.dll,C:\WINDOWS\system32\mswsock.dll
1332,wshtcpip.dll,C:\WINDOWS\System32\wshtcpip.dll
1512,Explorer.EXE,C:\WINDOWS\Explorer.EXE
1512,ntdll.dll,C:\WINDOWS\system32\ntdll.dll
1512,kernel32.dll,C:\WINDOWS\system32\kernel32.dll
1512,ADVAPI32.dll,C:\WINDOWS\system32\ADVAPI32.dll
1512,RPCRT4.dll,C:\WINDOWS\system32\RPCRT4.dll
1512,Secur32.dll,C:\WINDOWS\system32\Secur32.dll
1512,BROWSEUI.dll,C:\WINDOWS\system32\BROWSEUI.dll
1512,GDI32.dll,C:\WINDOWS\system32\GDI32.dll
1512,USER32.dll,C:\WINDOWS\system32\USER32.dll
1512,msvcrt.dll,C:\WINDOWS\system32\msvcrt.dll
1512,ole32.dll,C:\WINDOWS\system32\ole32.dll
1512,SHLWAPI.dll,C:\WINDOWS\system32\SHLWAPI.dll
1512,OLEAUT32.dll,C:\WINDOWS\system32\OLEAUT32.dll
1512,SHDOCVW.dll,C:\WINDOWS\system32\SHDOCVW.dll
1512,CRYPT32.dll,C:\WINDOWS\system32\CRYPT32.dll
1512,MSASN1.dll,C:\WINDOWS\system32\MSASN1.dll
1512,CRYPTUI.dll,C:\WINDOWS\system32\CRYPTUI.dll
1512,NETAPI32.dll,C:\WINDOWS\system32\NETAPI32.dll
1512,VERSION.dll,C:\WINDOWS\system32\VERSION.dll
1512,WININET.dll,C:\WINDOWS\system32\WININET.dll
1512,Normaliz.dll,C:\WINDOWS\system32\Normaliz.dll
1512,urlmon.dll,C:\WINDOWS\system32\urlmon.dll
1512,iertutil.dll,C:\WINDOWS\system32\iertutil.dll
1512,WINTRUST.dll,C:\WINDOWS\system32\WINTRUST.dll
1512,IMAGEHLP.dll,C:\WINDOWS\system32\IMAGEHLP.dll
1512,WLDAP32.dll,C:\WINDOWS\system32\WLDAP32.dll
1512,SHELL32.dll,C:\WINDOWS\system32\SHELL32.dll
1512,UxTheme.dll,C:\WINDOWS\system32\UxTheme.dll
1512,ShimEng.dll,C:\WINDOWS\system32\ShimEng.dll
1512,AcGenral.DLL,C:\WINDOWS\AppPatch\AcGenral.DLL
1512,WINMM.dll,C:\WINDOWS\system32\WINMM.dll
1512,MSACM32.dll,C:\WINDOWS\system32\MSACM32.dll
1512,USERENV.dll,C:\WINDOWS\system32\USERENV.dll
1512,IMM32.DLL,C:\WINDOWS\system32\IMM32.DLL
1512,comctl32.dll,C:\WINDOWS\WinSxS\x86_Microsoft.Windows.Common-Controls_6595b64144ccf1df_6.0.2600.6028_x-ww_61e65202\comctl32.dll
1512,comctl32.dll,C:\WINDOWS\system32\comctl32.dll
1512,msctfime.ime,C:\WINDOWS\system32\msctfime.ime
1512,appHelp.dll,C:\WINDOWS\system32\appHelp.dll
1512,CLBCATQ.DLL,C:\WINDOWS\system32\CLBCATQ.DLL
1512,COMRes.dll,C:\WINDOWS\system32\COMRes.dll
1512,cscui.dll,C:\WINDOWS\System32\cscui.dll
1512,CSCDLL.dll,C:\WINDOWS\System32\CSCDLL.dll
1512,themeui.dll,C:\WINDOWS\system32\themeui.dll
1512,MSIMG32.dll,C:\WINDOWS\system32\MSIMG32.dll
1512,xpsp2res.dll,C:\WINDOWS\system32\xpsp2res.dll
1512,actxprxy.dll,C:\WINDOWS\system32\actxprxy.dll
1512,msutb.dll,C:\WINDOWS\system32\msutb.dll
1512,MSCTF.dll,C:\WINDOWS\system32\MSCTF.dll
1512,LINKINFO.dll,C:\WINDOWS\system32\LINKINFO.dll
1512,ntshrui.dll,C:\WINDOWS\system32\ntshrui.dll
1512,ATL.DLL,C:\WINDOWS\system32\ATL.DLL
1512,ieframe.dll,C:\WINDOWS\system32\ieframe.dll
1512,WINSTA.dll,C:\WINDOWS\system32\WINSTA.dll
1512,webcheck.dll,C:\WINDOWS\system32\webcheck.dll
1512,MLANG.dll,C:\WINDOWS\system32\MLANG.dll
1512,stobject.dll,C:\WINDOWS\system32\stobject.dll
1512,BatMeter.dll,C:\WINDOWS\system32\BatMeter.dll
1512,POWRPROF.dll,C:\WINDOWS\system32\POWRPROF.dll
1512,SETUPAPI.dll,C:\WINDOWS\system32\SETUPAPI.dll
1512,WTSAPI32.dll,C:\WINDOWS\system32\WTSAPI32.dll
1512,wdmaud.drv,C:\WINDOWS\system32\wdmaud.drv
1512,msacm32.drv,C:\WINDOWS\system32\msacm32.drv
1512,midimap.dll,C:\WINDOWS\system32\midimap.dll
1512,NETSHELL.dll,C:\WINDOWS\system32\NETSHELL.dll
1512,credui.dll,C:\WINDOWS\system32\credui.dll
1512,dot3api.dll,C:\WINDOWS\system32\dot3api.dll
1512,rtutils.dll,C:\WINDOWS\system32\rtutils.dll
1512,dot3dlg.dll,C:\WINDOWS\system32\dot3dlg.dll
1512,OneX.DLL,C:\WINDOWS\system32\OneX.DLL
1512,eappcfg.dll,C:\WINDOWS\system32\eappcfg.dll
1512,MSVCP60.dll,C:\WINDOWS\system32\MSVCP60.dll
1512,eappprxy.dll,C:\WINDOWS\system32\eappprxy.dll
1512,iphlpapi.dll,C:\WINDOWS\system32\iphlpapi.dll
1512,WS2_32.dll,C:\WINDOWS\system32\WS2_32.dll
1512,WS2HELP.dll,C:\WINDOWS\system32\WS2HELP.dll
1512,MPR.dll,C:\WINDOWS\system32\MPR.dll
1512,vmhgfs.dll,C:\WINDOWS\System32\vmhgfs.dll
1512,drprov.dll,C:\WINDOWS\System32\drprov.dll
1512,ntlanman.dll,C:\WINDOWS\System32\ntlanman.dll
1512,NETUI0.dll,C:\WINDOWS\System32\NETUI0.dll
1512,NETUI1.dll,C:\WINDOWS\System32\NETUI1.dll
1512,NETRAP.dll,C:\WINDOWS\System32\NETRAP.dll
1512,SAMLIB.dll,C:\WINDOWS\System32\SAMLIB.dll
1512,davclnt.dll,C:\WINDOWS\System32\davclnt.dll
1512,SXS.DLL,C:\WINDOWS\system32\SXS.DLL
1512,rsaenh.dll,C:\WINDOWS\system32\rsaenh.dll
1512,browselc.dll,C:\WINDOWS\system32\browselc.dll
1512,DUSER.dll,C:\WINDOWS\system32\DUSER.dll
1512,shdoclc.dll,C:\WINDOWS\system32\shdoclc.dll
1512,7-zip.dll,C:\Program Files\7-Zip\7-zip.dll
1512,cryptnet.dll,C:\WINDOWS\system32\cryptnet.dll
1512,PSAPI.DLL,C:\WINDOWS\system32\PSAPI.DLL
1512,SensApi.dll,C:\WINDOWS\system32\SensApi.dll
1512,WINHTTP.dll,C:\WINDOWS\system32\WINHTTP.dll
1512,Cabinet.dll,C:\WINDOWS\system32\Cabinet.dll
1512,mswsock.dll,C:\WINDOWS\system32\mswsock.dll
1512,hnetcfg.dll,C:\WINDOWS\system32\hnetcfg.dll
1512,wshtcpip.dll,C:\WINDOWS\System32\wshtcpip.dll
1512,RASAPI32.DLL,C:\WINDOWS\system32\RASAPI32.DLL
1512,rasman.dll,C:\WINDOWS\system32\rasman.dll
1512,TAPI32.dll,C:\WINDOWS\system32\TAPI32.dll
1512,msv1_0.dll,C:\WINDOWS\system32\msv1_0.dll
1512,cryptdll.dll,C:\WINDOWS\system32\cryptdll.dll
1512,DNSAPI.dll,C:\WINDOWS\system32\DNSAPI.dll
1512,rasadhlp.dll,C:\WINDOWS\system32\rasadhlp.dll
1652,spoolsv.exe,C:\WINDOWS\system32\spoolsv.exe
1652,kernel32.dll,C:\WINDOWS\system32\kernel32.dll
1652,ADVAPI32.dll,C:\WINDOWS\system32\ADVAPI32.dll
1652,RPCRT4.dll,C:\WINDOWS\system32\RPCRT4.dll
1652,Secur32.dll,C:\WINDOWS\system32\Secur32.dll
1652,GDI32.dll,C:\WINDOWS\system32\GDI32.dll
1652,USER32.dll,C:\WINDOWS\system32\USER32.dll
1652,msvcrt.dll,C:\WINDOWS\system32\msvcrt.dll
1652,ShimEng.dll,C:\WINDOWS\system32\ShimEng.dll
1652,AcGenral.DLL,C:\WINDOWS\AppPatch\AcGenral.DLL
1652,WINMM.dll,C:\WINDOWS\system32\WINMM.dll
1652,ole32.dll,C:\WINDOWS\system32\ole32.dll
1652,OLEAUT32.dll,C:\WINDOWS\system32\OLEAUT32.dll
1652,MSACM32.dll,C:\WINDOWS\system32\MSACM32.dll
1652,VERSION.dll,C:\WINDOWS\system32\VERSION.dll
1652,SHELL32.dll,C:\WINDOWS\system32\SHELL32.dll
1652,SHLWAPI.dll,C:\WINDOWS\system32\SHLWAPI.dll
1652,USERENV.dll,C:\WINDOWS\system32\USERENV.dll
1652,UxTheme.dll,C:\WINDOWS\system32\UxTheme.dll
1652,IMM32.DLL,C:\WINDOWS\system32\IMM32.DLL
1652,comctl32.dll,C:\WINDOWS\WinSxS\x86_Microsoft.Windows.Common-Controls_6595b64144ccf1df_6.0.2600.6028_x-ww_61e65202\comctl32.dll
1652,comctl32.dll,C:\WINDOWS\system32\comctl32.dll
1652,SPOOLSS.DLL,C:\WINDOWS\system32\SPOOLSS.DLL
1652,WS2_32.dll,C:\WINDOWS\system32\WS2_32.dll
1652,WS2HELP.dll,C:\WINDOWS\system32\WS2HELP.dll
1652,DNSAPI.dll,C:\WINDOWS\system32\DNSAPI.dll
1652,iphlpapi.dll,C:\WINDOWS\system32\iphlpapi.dll
1652,rasadhlp.dll,C:\WINDOWS\system32\rasadhlp.dll
1652,localspl.dll,C:\WINDOWS\system32\localspl.dll
1652,sfc_os.dll,C:\WINDOWS\system32\sfc_os.dll
1652,WINTRUST.dll,C:\WINDOWS\system32\WINTRUST.dll
1652,CRYPT32.dll,C:\WINDOWS\system32\CRYPT32.dll
1652,MSASN1.dll,C:\WINDOWS\system32\MSASN1.dll
1652,IMAGEHLP.dll,C:\WINDOWS\system32\IMAGEHLP.dll
1652,winspool.drv,C:\WINDOWS\system32\winspool.drv
1652,netapi32.dll,C:\WINDOWS\system32\netapi32.dll
1652,cnbjmon.dll,C:\WINDOWS\system32\cnbjmon.dll
1652,pjlmon.dll,C:\WINDOWS\system32\pjlmon.dll
1652,tcpmon.dll,C:\WINDOWS\system32\tcpmon.dll
1652,TPVMMon.dll,C:\WINDOWS\system32\TPVMMon.dll
1652,TPVMW32.dll,C:\WINDOWS\system32\TPVMW32.dll
1652,TPRDPW32.dll,C:\WINDOWS\system32\TPRDPW32.dll
1652,WTSAPI32.dll,C:\WINDOWS\system32\WTSAPI32.dll
1652,WINSTA.dll,C:\WINDOWS\system32\WINSTA.dll
1652,usbmon.dll,C:\WINDOWS\system32\usbmon.dll
1652,filterpipelineprintproc.dll,C:\WINDOWS\System32\spool\PRTPROCS\W32X86\filterpipelineprintproc.dll
1652,TPWinPrn.dll,C:\WINDOWS\System32\spool\PRTPROCS\W32X86\TPWinPrn.dll
1652,CLUSAPI.dll,C:\WINDOWS\system32\CLUSAPI.dll
1652,WSOCK32.dll,C:\WINDOWS\system32\WSOCK32.dll
1652,RESUTILS.dll,C:\WINDOWS\system32\RESUTILS.dll
1652,mswsock.dll,C:\WINDOWS\System32\mswsock.dll
1652,winrnr.dll,C:\WINDOWS\System32\winrnr.dll
1652,WLDAP32.dll,C:\WINDOWS\system32\WLDAP32.dll
1652,wshbth.dll,C:\WINDOWS\system32\wshbth.dll
1652,SETUPAPI.dll,C:\WINDOWS\system32\SETUPAPI.dll
1652,SAMLIB.dll,C:\WINDOWS\system32\SAMLIB.dll
1652,win32spl.dll,C:\WINDOWS\system32\win32spl.dll
1652,NETRAP.dll,C:\WINDOWS\system32\NETRAP.dll
1652,NTDSAPI.dll,C:\WINDOWS\system32\NTDSAPI.dll
1652,CLBCATQ.DLL,C:\WINDOWS\system32\CLBCATQ.DLL
1652,COMRes.dll,C:\WINDOWS\system32\COMRes.dll
1652,xpsp2res.dll,C:\WINDOWS\system32\xpsp2res.dll
1652,inetpp.dll,C:\WINDOWS\system32\inetpp.dll
1860,rundll32.exe,C:\WINDOWS\system32\rundll32.exe
1860,kernel32.dll,C:\WINDOWS\system32\kernel32.dll
1860,msvcrt.dll,C:\WINDOWS\system32\msvcrt.dll
1860,GDI32.dll,C:\WINDOWS\system32\GDI32.dll
1860,USER32.dll,C:\WINDOWS\system32\USER32.dll
1860,IMAGEHLP.dll,C:\WINDOWS\system32\IMAGEHLP.dll
1860,ADVAPI32.dll,C:\WINDOWS\system32\ADVAPI32.dll
1860,RPCRT4.dll,C:\WINDOWS\system32\RPCRT4.dll
1860,Secur32.dll,C:\WINDOWS\system32\Secur32.dll
1860,ShimEng.dll,C:\WINDOWS\system32\ShimEng.dll
1860,AcGenral.DLL,C:\WINDOWS\AppPatch\AcGenral.DLL
1860,WINMM.dll,C:\WINDOWS\system32\WINMM.dll
1860,ole32.dll,C:\WINDOWS\system32\ole32.dll
1860,OLEAUT32.dll,C:\WINDOWS\system32\OLEAUT32.dll
1860,MSACM32.dll,C:\WINDOWS\system32\MSACM32.dll
1860,VERSION.dll,C:\WINDOWS\system32\VERSION.dll
1860,SHELL32.dll,C:\WINDOWS\system32\SHELL32.dll
1860,SHLWAPI.dll,C:\WINDOWS\system32\SHLWAPI.dll
1860,USERENV.dll,C:\WINDOWS\system32\USERENV.dll
1860,UxTheme.dll,C:\WINDOWS\system32\UxTheme.dll
1860,IMM32.DLL,C:\WINDOWS\system32\IMM32.DLL
1860,comctl32.dll,C:\WINDOWS\WinSxS\x86_Microsoft.Windows.Common-Controls_6595b64144ccf1df_6.0.2600.6028_x-ww_61e65202\comctl32.dll
1860,comctl32.dll,C:\WINDOWS\system32\comctl32.dll
1860,bthprops.cpl,C:\WINDOWS\system32\bthprops.cpl
1860,DEVMGR.DLL,C:\WINDOWS\system32\DEVMGR.DLL
1860,MPR.dll,C:\WINDOWS\system32\MPR.dll
1860,SETUPAPI.dll,C:\WINDOWS\system32\SETUPAPI.dll
1860,WMI.dll,C:\WINDOWS\system32\WMI.dll
1860,msctfime.ime,C:\WINDOWS\system32\msctfime.ime
1860,WINTRUST.dll,C:\WINDOWS\system32\WINTRUST.dll
1860,CRYPT32.dll,C:\WINDOWS\system32\CRYPT32.dll
1860,MSASN1.dll,C:\WINDOWS\system32\MSASN1.dll
1860,MSCTF.dll,C:\WINDOWS\system32\MSCTF.dll
1868,vmtoolsd.exe,C:\Program Files\VMware\VMware Tools\vmtoolsd.exe
1868,kernel32.dll,C:\WINDOWS\system32\kernel32.dll
1868,ADVAPI32.dll,C:\WINDOWS\system32\ADVAPI32.dll
1868,RPCRT4.dll,C:\WINDOWS\system32\RPCRT4.dll
1868,Secur32.dll,C:\WINDOWS\system32\Secur32.dll
1868,ole32.dll,C:\WINDOWS\system32\ole32.dll
1868,GDI32.dll,C:\WINDOWS\system32\GDI32.dll
1868,USER32.dll,C:\WINDOWS\system32\USER32.dll
1868,msvcrt.dll,C:\WINDOWS\system32\msvcrt.dll
1868,VERSION.dll,C:\WINDOWS\system32\VERSION.dll
1868,MSVCR90.dll,C:\WINDOWS\WinSxS\x86_Microsoft.VC90.CRT_1fc8b3b9a1e18e3b_9.0.30729.4148_x-ww_d495ac4e\MSVCR90.dll
1868,intl.dll,C:\Program Files\VMware\VMware Tools\intl.dll
1868,iconv.dll,C:\Program Files\VMware\VMware Tools\iconv.dll
1868,glib-2.0.dll,C:\Program Files\VMware\VMware Tools\glib-2.0.dll
1868,WS2_32.dll,C:\WINDOWS\system32\WS2_32.dll
1868,WS2HELP.dll,C:\WINDOWS\system32\WS2HELP.dll
1868,SHELL32.dll,C:\WINDOWS\system32\SHELL32.dll
1868,SHLWAPI.dll,C:\WINDOWS\system32\SHLWAPI.dll
1868,gmodule-2.0.dll,C:\Program Files\VMware\VMware Tools\gmodule-2.0.dll
1868,gobject-2.0.dll,C:\Program Files\VMware\VMware Tools\gobject-2.0.dll
1868,gthread-2.0.dll,C:\Program Files\VMware\VMware Tools\gthread-2.0.dll
1868,vmtools.dll,C:\Program Files\VMware\VMware Tools\vmtools.dll
1868,OLEAUT32.dll,C:\WINDOWS\system32\OLEAUT32.dll
1868,IMM32.DLL,C:\WINDOWS\system32\IMM32.DLL
1868,comctl32.dll,C:\WINDOWS\WinSxS\x86_Microsoft.Windows.Common-Controls_6595b64144ccf1df_6.0.2600.6028_x-ww_61e65202\comctl32.dll
1868,comctl32.dll,C:\WINDOWS\system32\comctl32.dll
1868,IpHlpApi.dll,C:\WINDOWS\system32\IpHlpApi.dll
1868,uxtheme.dll,C:\WINDOWS\system32\uxtheme.dll
1868,MSCTF.dll,C:\WINDOWS\system32\MSCTF.dll
1868,msctfime.ime,C:\WINDOWS\system32\msctfime.ime
1868,hgfsServer.dll,C:\Program Files\VMware\VMware Tools\plugins\common\hgfsServer.dll
1868,hgfs.dll,C:\Program Files\VMware\VMware Tools\hgfs.dll
1868,MPR.dll,C:\WINDOWS\system32\MPR.dll
1868,hgfsUsability.dll,C:\Program Files\VMware\VMware Tools\plugins\common\hgfsUsability.dll
1868,USERENV.dll,C:\WINDOWS\system32\USERENV.dll
1868,vix.dll,C:\Program Files\VMware\VMware Tools\plugins\common\vix.dll
1868,desktopEvents.dll,C:\Program Files\VMware\VMware Tools\plugins\vmusr\desktopEvents.dll
1868,WTSAPI32.dll,C:\WINDOWS\system32\WTSAPI32.dll
1868,WINSTA.dll,C:\WINDOWS\system32\WINSTA.dll
1868,NETAPI32.dll,C:\WINDOWS\system32\NETAPI32.dll
1868,MSVCP90.dll,C:\WINDOWS\WinSxS\x86_Microsoft.VC90.CRT_1fc8b3b9a1e18e3b_9.0.30729.4148_x-ww_d495ac4e\MSVCP90.dll
1868,dndcp.dll,C:\Program Files\VMware\VMware Tools\plugins\vmusr\dndcp.dll
1868,sigc-2.0.dll,C:\Program Files\VMware\VMware Tools\sigc-2.0.dll
1868,unity.dll,C:\Program Files\VMware\VMware Tools\plugins\vmusr\unity.dll
1868,PSAPI.DLL,C:\WINDOWS\system32\PSAPI.DLL
1868,glibmm-2.4.dll,C:\Program Files\VMware\VMware Tools\glibmm-2.4.dll
1868,vmtray.dll,C:\Program Files\VMware\VMware Tools\plugins\vmusr\vmtray.dll
1868,mfc90u.dll,C:\WINDOWS\WinSxS\x86_Microsoft.VC90.MFC_1fc8b3b9a1e18e3b_9.0.30729.4148_x-ww_a57c1f53\mfc90u.dll
1868,MSIMG32.dll,C:\WINDOWS\system32\MSIMG32.dll
1868,MFC90ENU.DLL,C:\WINDOWS\WinSxS\x86_Microsoft.VC90.MFCLOC_1fc8b3b9a1e18e3b_9.0.30729.4148_x-ww_15fc9313\MFC90ENU.DLL
1868,VMToolsHook.dll,C:\Program Files\VMware\VMware Tools\VMToolsHook.dll
1868,vsocklib.dll,C:\WINDOWS\system32\vsocklib.dll
1868,CLBCATQ.DLL,C:\WINDOWS\system32\CLBCATQ.DLL
1868,COMRes.dll,C:\WINDOWS\system32\COMRes.dll
1868,LINKINFO.dll,C:\WINDOWS\system32\LINKINFO.dll
1868,ntshrui.dll,C:\WINDOWS\system32\ntshrui.dll
1868,ATL.DLL,C:\WINDOWS\system32\ATL.DLL
1868,SETUPAPI.dll,C:\WINDOWS\system32\SETUPAPI.dll
1876,ctfmon.exe,C:\WINDOWS\system32\ctfmon.exe
1876,kernel32.dll,C:\WINDOWS\system32\kernel32.dll
1876,msvcrt.dll,C:\WINDOWS\system32\msvcrt.dll
1876,ADVAPI32.dll,C:\WINDOWS\system32\ADVAPI32.dll
1876,RPCRT4.dll,C:\WINDOWS\system32\RPCRT4.dll
1876,Secur32.dll,C:\WINDOWS\system32\Secur32.dll
1876,USER32.dll,C:\WINDOWS\system32\USER32.dll
1876,GDI32.dll,C:\WINDOWS\system32\GDI32.dll
1876,MSCTF.dll,C:\WINDOWS\system32\MSCTF.dll
1876,MSUTB.dll,C:\WINDOWS\system32\MSUTB.dll
1876,ShimEng.dll,C:\WINDOWS\system32\ShimEng.dll
1876,AcGenral.DLL,C:\WINDOWS\AppPatch\AcGenral.DLL
1876,WINMM.dll,C:\WINDOWS\system32\WINMM.dll
1876,ole32.dll,C:\WINDOWS\system32\ole32.dll
1876,OLEAUT32.dll,C:\WINDOWS\system32\OLEAUT32.dll
1876,MSACM32.dll,C:\WINDOWS\system32\MSACM32.dll
1876,VERSION.dll,C:\WINDOWS\system32\VERSION.dll
1876,SHELL32.dll,C:\WINDOWS\system32\SHELL32.dll
1876,SHLWAPI.dll,C:\WINDOWS\system32\SHLWAPI.dll
1876,USERENV.dll,C:\WINDOWS\system32\USERENV.dll
1876,UxTheme.dll,C:\WINDOWS\system32\UxTheme.dll
1876,IMM32.DLL,C:\WINDOWS\system32\IMM32.DLL
1876,comctl32.dll,C:\WINDOWS\WinSxS\x86_Microsoft.Windows.Common-Controls_6595b64144ccf1df_6.0.2600.6028_x-ww_61e65202\comctl32.dll
1876,msctfime.ime,C:\WINDOWS\system32\msctfime.ime
1884,msmsgs.exe,C:\Program Files\Messenger\msmsgs.exe
1884,kernel32.dll,C:\WINDOWS\system32\kernel32.dll
1884,msvcrt.dll,C:\WINDOWS\system32\msvcrt.dll
1884,ADVAPI32.dll,C:\WINDOWS\system32\ADVAPI32.dll
1884,RPCRT4.dll,C:\WINDOWS\system32\RPCRT4.dll
1884,Secur32.dll,C:\WINDOWS\system32\Secur32.dll
1884,GDI32.dll,C:\WINDOWS\system32\GDI32.dll
1884,USER32.dll,C:\WINDOWS\system32\USER32.dll
1884,WSOCK32.dll,C:\WINDOWS\system32\WSOCK32.dll
1884,WS2_32.dll,C:\WINDOWS\system32\WS2_32.dll
1884,WS2HELP.dll,C:\WINDOWS\system32\WS2HELP.dll
1884,ole32.dll,C:\WINDOWS\system32\ole32.dll
1884,OLEAUT32.dll,C:\WINDOWS\system32\OLEAUT32.dll
1884,COMCTL32.dll,C:\WINDOWS\WinSxS\X86_Microsoft.Windows.Common-Controls_6595b64144ccf1df_6.0.2600.6028_x-ww_61e65202\COMCTL32.dll
1884,SHLWAPI.dll,C:\WINDOWS\system32\SHLWAPI.dll
1884,comdlg32.dll,C:\WINDOWS\system32\comdlg32.dll
1884,SHELL32.dll,C:\WINDOWS\system32\SHELL32.dll
1884,VERSION.dll,C:\WINDOWS\system32\VERSION.dll
1884,WINMM.dll,C:\WINDOWS\system32\WINMM.dll
1884,gdiplus.dll,C:\WINDOWS\WinSxS\x86_Microsoft.Windows.GdiPlus_6595b64144ccf1df_1.0.6002.22791_x-ww_c8dff154\gdiplus.dll
1884,MSIMG32.dll,C:\WINDOWS\system32\MSIMG32.dll
1884,NETAPI32.dll,C:\WINDOWS\system32\NETAPI32.dll
1884,WININET.dll,C:\WINDOWS\system32\WININET.dll
1884,Normaliz.dll,C:\WINDOWS\system32\Normaliz.dll
1884,urlmon.dll,C:\WINDOWS\system32\urlmon.dll
1884,iertutil.dll,C:\WINDOWS\system32\iertutil.dll
1884,cryptdll.dll,C:\WINDOWS\system32\cryptdll.dll
1884,iphlpapi.dll,C:\WINDOWS\system32\iphlpapi.dll
1884,IMM32.DLL,C:\WINDOWS\system32\IMM32.DLL
1884,uxtheme.dll,C:\WINDOWS\system32\uxtheme.dll
1884,MSCTF.dll,C:\WINDOWS\system32\MSCTF.dll
1884,XPOB2RES.DLL,C:\WINDOWS\system32\XPOB2RES.DLL
1884,CLBCATQ.DLL,C:\WINDOWS\system32\CLBCATQ.DLL
1884,COMRes.dll,C:\WINDOWS\system32\COMRes.dll
1884,xpsp2res.dll,C:\WINDOWS\system32\xpsp2res.dll
1884,msctfime.ime,C:\WINDOWS\system32\msctfime.ime
1884,SXS.DLL,C:\WINDOWS\system32\SXS.DLL
1884,es.dll,C:\WINDOWS\system32\es.dll
1884,wtsapi32.dll,C:\WINDOWS\system32\wtsapi32.dll
1884,WINSTA.dll,C:\WINDOWS\system32\WINSTA.dll
1884,credui.dll,C:\WINDOWS\system32\credui.dll
2024,svchost.exe,C:\WINDOWS\system32\svchost.exe
2024,kernel32.dll,C:\WINDOWS\system32\kernel32.dll
2024,ADVAPI32.dll,C:\WINDOWS\system32\ADVAPI32.dll
2024,RPCRT4.dll,C:\WINDOWS\system32\RPCRT4.dll
2024,Secur32.dll,C:\WINDOWS\system32\Secur32.dll
2024,ShimEng.dll,C:\WINDOWS\system32\ShimEng.dll
2024,AcGenral.DLL,C:\WINDOWS\AppPatch\AcGenral.DLL
2024,USER32.dll,C:\WINDOWS\system32\USER32.dll
2024,GDI32.dll,C:\WINDOWS\system32\GDI32.dll
2024,WINMM.dll,C:\WINDOWS\system32\WINMM.dll
2024,ole32.dll,C:\WINDOWS\system32\ole32.dll
2024,msvcrt.dll,C:\WINDOWS\system32\msvcrt.dll
2024,OLEAUT32.dll,C:\WINDOWS\system32\OLEAUT32.dll
2024,MSACM32.dll,C:\WINDOWS\system32\MSACM32.dll
2024,VERSION.dll,C:\WINDOWS\system32\VERSION.dll
2024,SHELL32.dll,C:\WINDOWS\system32\SHELL32.dll
2024,SHLWAPI.dll,C:\WINDOWS\system32\SHLWAPI.dll
2024,USERENV.dll,C:\WINDOWS\system32\USERENV.dll
2024,UxTheme.dll,C:\WINDOWS\system32\UxTheme.dll
2024,IMM32.DLL,C:\WINDOWS\system32\IMM32.DLL
2024,comctl32.dll,C:\WINDOWS\WinSxS\x86_Microsoft.Windows.Common-Controls_6595b64144ccf1df_6.0.2600.6028_x-ww_61e65202\comctl32.dll
2024,comctl32.dll,C:\WINDOWS\system32\comctl32.dll
2024,NTMARTA.DLL,C:\WINDOWS\system32\NTMARTA.DLL
2024,SAMLIB.dll,C:\WINDOWS\system32\SAMLIB.dll
2024,WLDAP32.dll,C:\WINDOWS\system32\WLDAP32.dll
2024,xpsp2res.dll,C:\WINDOWS\system32\xpsp2res.dll
2024,webclnt.dll,c:\windows\system32\webclnt.dll
2024,WININET.dll,C:\WINDOWS\system32\WININET.dll
2024,Normaliz.dll,C:\WINDOWS\system32\Normaliz.dll
2024,urlmon.dll,C:\WINDOWS\system32\urlmon.dll
2024,iertutil.dll,C:\WINDOWS\system32\iertutil.dll
2024,WS2_32.dll,c:\windows\system32\WS2_32.dll
2024,WS2HELP.dll,c:\windows\system32\WS2HELP.dll
2104,chrome.exe,C:\Program Files\Google\Chrome\Application\chrome.exe
2104,kernel32.dll,C:\WINDOWS\system32\kernel32.dll
2104,chrome_elf.dll,C:\Program Files\Google\Chrome\Application\34.0.1847.116\chrome_elf.dll
2104,ADVAPI32.dll,C:\WINDOWS\system32\ADVAPI32.dll
2104,RPCRT4.dll,C:\WINDOWS\system32\RPCRT4.dll
2104,Secur32.dll,C:\WINDOWS\system32\Secur32.dll
2104,VERSION.dll,C:\WINDOWS\system32\VERSION.dll
2104,WINMM.dll,C:\WINDOWS\system32\WINMM.dll
2104,GDI32.dll,C:\WINDOWS\system32\GDI32.dll
2104,USER32.dll,C:\WINDOWS\system32\USER32.dll
2104,SHLWAPI.dll,C:\WINDOWS\system32\SHLWAPI.dll
2104,msvcrt.dll,C:\WINDOWS\system32\msvcrt.dll
2104,USERENV.dll,C:\WINDOWS\system32\USERENV.dll
2104,WTSAPI32.dll,C:\WINDOWS\system32\WTSAPI32.dll
2104,WINSTA.dll,C:\WINDOWS\system32\WINSTA.dll
2104,NETAPI32.dll,C:\WINDOWS\system32\NETAPI32.dll
2104,IMM32.DLL,C:\WINDOWS\system32\IMM32.DLL
2104,SHELL32.dll,C:\WINDOWS\system32\SHELL32.dll
2104,comctl32.dll,C:\WINDOWS\WinSxS\x86_Microsoft.Windows.Common-Controls_6595b64144ccf1df_6.0.2600.6028_x-ww_61e65202\comctl32.dll
2104,chrome_child.dll,C:\Program Files\Google\Chrome\Application\34.0.1847.116\chrome_child.dll
2104,WININET.dll,C:\WINDOWS\system32\WININET.dll
2104,Normaliz.dll,C:\WINDOWS\system32\Normaliz.dll
2104,urlmon.dll,C:\WINDOWS\system32\urlmon.dll
2104,ole32.dll,C:\WINDOWS\system32\ole32.dll
2104,OLEAUT32.dll,C:\WINDOWS\system32\OLEAUT32.dll
2104,iertutil.dll,C:\WINDOWS\system32\iertutil.dll
2104,USP10.dll,C:\WINDOWS\system32\USP10.dll
2104,PSAPI.DLL,C:\WINDOWS\system32\PSAPI.DLL
2104,WINSPOOL.DRV,C:\WINDOWS\system32\WINSPOOL.DRV
2104,CRYPT32.dll,C:\WINDOWS\system32\CRYPT32.dll
2104,MSASN1.dll,C:\WINDOWS\system32\MSASN1.dll
2104,IPHLPAPI.DLL,C:\WINDOWS\system32\IPHLPAPI.DLL
2104,WS2_32.dll,C:\WINDOWS\system32\WS2_32.dll
2104,WS2HELP.dll,C:\WINDOWS\system32\WS2HELP.dll
2104,dbghelp.dll,C:\WINDOWS\system32\dbghelp.dll
2104,uxtheme.dll,C:\WINDOWS\system32\uxtheme.dll
2104,pdf.dll,C:\Program Files\Google\Chrome\Application\34.0.1847.116\pdf.dll
2104,ppGoogleNaClPluginChrome.dll,C:\Program Files\Google\Chrome\Application\34.0.1847.116\ppGoogleNaClPluginChrome.dll
2104,libpeerconnection.dll,C:\Program Files\Google\Chrome\Application\34.0.1847.116\libpeerconnection.dll
2104,LPK.DLL,C:\WINDOWS\system32\LPK.DLL
2104,ffmpegsumo.dll,C:\Program Files\Google\Chrome\Application\34.0.1847.116\ffmpegsumo.dll
2136,chrome.exe,C:\Program Files\Google\Chrome\Application\chrome.exe
2136,kernel32.dll,C:\WINDOWS\system32\kernel32.dll
2136,chrome_elf.dll,C:\Program Files\Google\Chrome\Application\34.0.1847.116\chrome_elf.dll
2136,ADVAPI32.dll,C:\WINDOWS\system32\ADVAPI32.dll
2136,RPCRT4.dll,C:\WINDOWS\system32\RPCRT4.dll
2136,Secur32.dll,C:\WINDOWS\system32\Secur32.dll
2136,VERSION.dll,C:\WINDOWS\system32\VERSION.dll
2136,WINMM.dll,C:\WINDOWS\system32\WINMM.dll
2136,GDI32.dll,C:\WINDOWS\system32\GDI32.dll
2136,USER32.dll,C:\WINDOWS\system32\USER32.dll
2136,SHLWAPI.dll,C:\WINDOWS\system32\SHLWAPI.dll
2136,msvcrt.dll,C:\WINDOWS\system32\msvcrt.dll
2136,USERENV.dll,C:\WINDOWS\system32\USERENV.dll
2136,WTSAPI32.dll,C:\WINDOWS\system32\WTSAPI32.dll
2136,WINSTA.dll,C:\WINDOWS\system32\WINSTA.dll
2136,NETAPI32.dll,C:\WINDOWS\system32\NETAPI32.dll
2136,IMM32.DLL,C:\WINDOWS\system32\IMM32.DLL
2136,SHELL32.dll,C:\WINDOWS\system32\SHELL32.dll
2136,comctl32.dll,C:\WINDOWS\WinSxS\x86_Microsoft.Windows.Common-Controls_6595b64144ccf1df_6.0.2600.6028_x-ww_61e65202\comctl32.dll
2136,chrome_child.dll,C:\Program Files\Google\Chrome\Application\34.0.1847.116\chrome_child.dll
2136,WININET.dll,C:\WINDOWS\system32\WININET.dll
2136,Normaliz.dll,C:\WINDOWS\system32\Normaliz.dll
2136,urlmon.dll,C:\WINDOWS\system32\urlmon.dll
2136,ole32.dll,C:\WINDOWS\system32\ole32.dll
2136,OLEAUT32.dll,C:\WINDOWS\system32\OLEAUT32.dll
2136,iertutil.dll,C:\WINDOWS\system32\iertutil.dll
2136,USP10.dll,C:\WINDOWS\system32\USP10.dll
2136,PSAPI.DLL,C:\WINDOWS\system32\PSAPI.DLL
2136,WINSPOOL.DRV,C:\WINDOWS\system32\WINSPOOL.DRV
2136,CRYPT32.dll,C:\WINDOWS\system32\CRYPT32.dll
2136,MSASN1.dll,C:\WINDOWS\system32\MSASN1.dll
2136,IPHLPAPI.DLL,C:\WINDOWS\system32\IPHLPAPI.DLL
2136,WS2_32.dll,C:\WINDOWS\system32\WS2_32.dll
2136,WS2HELP.dll,C:\WINDOWS\system32\WS2HELP.dll
2136,dbghelp.dll,C:\WINDOWS\system32\dbghelp.dll
2136,uxtheme.dll,C:\WINDOWS\system32\uxtheme.dll
2136,pdf.dll,C:\Program Files\Google\Chrome\Application\34.0.1847.116\pdf.dll
2136,ppGoogleNaClPluginChrome.dll,C:\Program Files\Google\Chrome\Application\34.0.1847.116\ppGoogleNaClPluginChrome.dll
2136,libpeerconnection.dll,C:\Program Files\Google\Chrome\Application\34.0.1847.116\libpeerconnection.dll
2136,LPK.DLL,C:\WINDOWS\system32\LPK.DLL
2136,ffmpegsumo.dll,C:\Program Files\Google\Chrome\Application\34.0.1847.116\ffmpegsumo.dll
2428,chrome.exe,C:\Program Files\Google\Chrome\Application\chrome.exe
2428,kernel32.dll,C:\WINDOWS\system32\kernel32.dll
2428,chrome_elf.dll,C:\Program Files\Google\Chrome\Application\34.0.1847.116\chrome_elf.dll
2428,ADVAPI32.dll,C:\WINDOWS\system32\ADVAPI32.dll
2428,RPCRT4.dll,C:\WINDOWS\system32\RPCRT4.dll
2428,Secur32.dll,C:\WINDOWS\system32\Secur32.dll
2428,VERSION.dll,C:\WINDOWS\system32\VERSION.dll
2428,WINMM.dll,C:\WINDOWS\system32\WINMM.dll
2428,GDI32.dll,C:\WINDOWS\system32\GDI32.dll
2428,USER32.dll,C:\WINDOWS\system32\USER32.dll
2428,SHLWAPI.dll,C:\WINDOWS\system32\SHLWAPI.dll
2428,msvcrt.dll,C:\WINDOWS\system32\msvcrt.dll
2428,USERENV.dll,C:\WINDOWS\system32\USERENV.dll
2428,WTSAPI32.dll,C:\WINDOWS\system32\WTSAPI32.dll
2428,WINSTA.dll,C:\WINDOWS\system32\WINSTA.dll
2428,NETAPI32.dll,C:\WINDOWS\system32\NETAPI32.dll
2428,IMM32.DLL,C:\WINDOWS\system32\IMM32.DLL
2428,SHELL32.dll,C:\WINDOWS\system32\SHELL32.dll
2428,comctl32.dll,C:\WINDOWS\WinSxS\x86_Microsoft.Windows.Common-Controls_6595b64144ccf1df_6.0.2600.6028_x-ww_61e65202\comctl32.dll
2428,chrome_child.dll,C:\Program Files\Google\Chrome\Application\34.0.1847.116\chrome_child.dll
2428,WININET.dll,C:\WINDOWS\system32\WININET.dll
2428,Normaliz.dll,C:\WINDOWS\system32\Normaliz.dll
2428,urlmon.dll,C:\WINDOWS\system32\urlmon.dll
2428,ole32.dll,C:\WINDOWS\system32\ole32.dll
2428,OLEAUT32.dll,C:\WINDOWS\system32\OLEAUT32.dll
2428,iertutil.dll,C:\WINDOWS\system32\iertutil.dll
2428,USP10.dll,C:\WINDOWS\system32\USP10.dll
2428,PSAPI.DLL,C:\WINDOWS\system32\PSAPI.DLL
2428,WINSPOOL.DRV,C:\WINDOWS\system32\WINSPOOL.DRV
2428,CRYPT32.dll,C:\WINDOWS\system32\CRYPT32.dll
2428,MSASN1.dll,C:\WINDOWS\system32\MSASN1.dll
2428,IPHLPAPI.DLL,C:\WINDOWS\system32\IPHLPAPI.DLL
2428,WS2_32.dll,C:\WINDOWS\system32\WS2_32.dll
2428,WS2HELP.dll,C:\WINDOWS\system32\WS2HELP.dll
2428,dbghelp.dll,C:\WINDOWS\system32\dbghelp.dll
2428,uxtheme.dll,C:\WINDOWS\system32\uxtheme.dll
2428,ffmpegsumo.dll,C:\Program Files\Google\Chrome\Application\34.0.1847.116\ffmpegsumo.dll
2428,pepflashplayer.dll,C:\Program Files\Google\Chrome\Application\34.0.1847.116\PepperFlash\pepflashplayer.dll
2428,gdiplus.dll,C:\WINDOWS\WinSxS\x86_Microsoft.Windows.GdiPlus_6595b64144ccf1df_1.0.6002.22791_x-ww_c8dff154\gdiplus.dll
2876,cmd.exe,C:\Documents and Settings\Administrator\My Documents\Incident Response Suites\Helix IR\xp\cmd.exe
2876,ntdll.dll,C:\WINDOWS\system32\ntdll.dll
2876,kernel32.dll,C:\WINDOWS\system32\kernel32.dll
2876,msvcrt.dll,C:\WINDOWS\system32\msvcrt.dll
2876,USER32.dll,C:\WINDOWS\system32\USER32.dll
2876,GDI32.dll,C:\WINDOWS\system32\GDI32.dll
2876,ShimEng.dll,C:\WINDOWS\system32\ShimEng.dll
2876,AcGenral.DLL,C:\WINDOWS\AppPatch\AcGenral.DLL
2876,ADVAPI32.dll,C:\WINDOWS\system32\ADVAPI32.dll
2876,RPCRT4.dll,C:\WINDOWS\system32\RPCRT4.dll
2876,Secur32.dll,C:\WINDOWS\system32\Secur32.dll
2876,WINMM.dll,C:\WINDOWS\system32\WINMM.dll
2876,ole32.dll,C:\WINDOWS\system32\ole32.dll
2876,OLEAUT32.dll,C:\WINDOWS\system32\OLEAUT32.dll
2876,MSACM32.dll,C:\WINDOWS\system32\MSACM32.dll
2876,VERSION.dll,C:\WINDOWS\system32\VERSION.dll
2876,SHELL32.dll,C:\WINDOWS\system32\SHELL32.dll
2876,SHLWAPI.dll,C:\WINDOWS\system32\SHLWAPI.dll
2876,USERENV.dll,C:\WINDOWS\system32\USERENV.dll
2876,UxTheme.dll,C:\WINDOWS\system32\UxTheme.dll
2876,IMM32.DLL,C:\WINDOWS\system32\IMM32.DLL
2876,comctl32.dll,C:\WINDOWS\WinSxS\x86_Microsoft.Windows.Common-Controls_6595b64144ccf1df_6.0.2600.6028_x-ww_61e65202\comctl32.dll
2876,comctl32.dll,C:\WINDOWS\system32\comctl32.dll
2876,Apphelp.dll,C:\WINDOWS\system32\Apphelp.dll
2944,msiexec.exe,C:\WINDOWS\system32\msiexec.exe
2944,ntdll.dll,C:\WINDOWS\system32\ntdll.dll
2944,kernel32.dll,C:\WINDOWS\system32\kernel32.dll
2944,msvcrt.dll,C:\WINDOWS\system32\msvcrt.dll
2944,ADVAPI32.dll,C:\WINDOWS\system32\ADVAPI32.dll
2944,RPCRT4.dll,C:\WINDOWS\system32\RPCRT4.dll
2944,Secur32.dll,C:\WINDOWS\system32\Secur32.dll
2944,USER32.dll,C:\WINDOWS\system32\USER32.dll
2944,GDI32.dll,C:\WINDOWS\system32\GDI32.dll
2944,ole32.dll,C:\WINDOWS\system32\ole32.dll
2944,msi.dll,C:\WINDOWS\system32\msi.dll
2944,ShimEng.dll,C:\WINDOWS\system32\ShimEng.dll
2944,AcGenral.DLL,C:\WINDOWS\AppPatch\AcGenral.DLL
2944,WINMM.dll,C:\WINDOWS\system32\WINMM.dll
2944,OLEAUT32.dll,C:\WINDOWS\system32\OLEAUT32.dll
2944,MSACM32.dll,C:\WINDOWS\system32\MSACM32.dll
2944,VERSION.dll,C:\WINDOWS\system32\VERSION.dll
2944,SHELL32.dll,C:\WINDOWS\system32\SHELL32.dll
2944,SHLWAPI.dll,C:\WINDOWS\system32\SHLWAPI.dll
2944,USERENV.dll,C:\WINDOWS\system32\USERENV.dll
2944,UxTheme.dll,C:\WINDOWS\system32\UxTheme.dll
2944,IMM32.DLL,C:\WINDOWS\system32\IMM32.DLL
2944,comctl32.dll,C:\WINDOWS\WinSxS\x86_Microsoft.Windows.Common-Controls_6595b64144ccf1df_6.0.2600.6028_x-ww_61e65202\comctl32.dll
2944,xpsp2res.dll,C:\WINDOWS\system32\xpsp2res.dll
2944,CLBCATQ.DLL,C:\WINDOWS\system32\CLBCATQ.DLL
2944,COMRes.dll,C:\WINDOWS\system32\COMRes.dll
2944,WINTRUST.dll,C:\WINDOWS\system32\WINTRUST.dll
2944,CRYPT32.dll,C:\WINDOWS\system32\CRYPT32.dll
2944,MSASN1.dll,C:\WINDOWS\system32\MSASN1.dll
2944,IMAGEHLP.dll,C:\WINDOWS\system32\IMAGEHLP.dll
2944,rsaenh.dll,C:\WINDOWS\system32\rsaenh.dll
2944,netapi32.dll,C:\WINDOWS\system32\netapi32.dll
2944,cryptnet.dll,C:\WINDOWS\system32\cryptnet.dll
2944,PSAPI.DLL,C:\WINDOWS\system32\PSAPI.DLL
2944,SensApi.dll,C:\WINDOWS\system32\SensApi.dll
2944,WINHTTP.dll,C:\WINDOWS\system32\WINHTTP.dll
2944,WLDAP32.dll,C:\WINDOWS\system32\WLDAP32.dll
2944,ws2_32.dll,C:\WINDOWS\system32\ws2_32.dll
2944,WS2HELP.dll,C:\WINDOWS\system32\WS2HELP.dll
2944,mswsock.dll,C:\WINDOWS\system32\mswsock.dll
2944,hnetcfg.dll,C:\WINDOWS\system32\hnetcfg.dll
2944,wshtcpip.dll,C:\WINDOWS\System32\wshtcpip.dll
2944,RASAPI32.DLL,C:\WINDOWS\system32\RASAPI32.DLL
2944,rasman.dll,C:\WINDOWS\system32\rasman.dll
2944,TAPI32.dll,C:\WINDOWS\system32\TAPI32.dll
2944,rtutils.dll,C:\WINDOWS\system32\rtutils.dll
2944,msv1_0.dll,C:\WINDOWS\system32\msv1_0.dll
2944,cryptdll.dll,C:\WINDOWS\system32\cryptdll.dll
2944,iphlpapi.dll,C:\WINDOWS\system32\iphlpapi.dll
2944,DNSAPI.dll,C:\WINDOWS\system32\DNSAPI.dll
2944,rasadhlp.dll,C:\WINDOWS\system32\rasadhlp.dll
2944,APPHELP.DLL,C:\WINDOWS\system32\APPHELP.DLL
2944,sfc_os.dll,C:\WINDOWS\system32\sfc_os.dll
3588,chrome.exe,C:\Program Files\Google\Chrome\Application\chrome.exe
3588,kernel32.dll,C:\WINDOWS\system32\kernel32.dll
3588,chrome_elf.dll,C:\Program Files\Google\Chrome\Application\34.0.1847.116\chrome_elf.dll
3588,ADVAPI32.dll,C:\WINDOWS\system32\ADVAPI32.dll
3588,RPCRT4.dll,C:\WINDOWS\system32\RPCRT4.dll
3588,Secur32.dll,C:\WINDOWS\system32\Secur32.dll
3588,VERSION.dll,C:\WINDOWS\system32\VERSION.dll
3588,WINMM.dll,C:\WINDOWS\system32\WINMM.dll
3588,GDI32.dll,C:\WINDOWS\system32\GDI32.dll
3588,USER32.dll,C:\WINDOWS\system32\USER32.dll
3588,SHLWAPI.dll,C:\WINDOWS\system32\SHLWAPI.dll
3588,msvcrt.dll,C:\WINDOWS\system32\msvcrt.dll
3588,USERENV.dll,C:\WINDOWS\system32\USERENV.dll
3588,WTSAPI32.dll,C:\WINDOWS\system32\WTSAPI32.dll
3588,WINSTA.dll,C:\WINDOWS\system32\WINSTA.dll
3588,NETAPI32.dll,C:\WINDOWS\system32\NETAPI32.dll
3588,IMM32.DLL,C:\WINDOWS\system32\IMM32.DLL
3588,SHELL32.dll,C:\WINDOWS\system32\SHELL32.dll
3588,comctl32.dll,C:\WINDOWS\WinSxS\x86_Microsoft.Windows.Common-Controls_6595b64144ccf1df_6.0.2600.6028_x-ww_61e65202\comctl32.dll
3588,chrome_child.dll,C:\Program Files\Google\Chrome\Application\34.0.1847.116\chrome_child.dll
3588,WININET.dll,C:\WINDOWS\system32\WININET.dll
3588,Normaliz.dll,C:\WINDOWS\system32\Normaliz.dll
3588,urlmon.dll,C:\WINDOWS\system32\urlmon.dll
3588,ole32.dll,C:\WINDOWS\system32\ole32.dll
3588,OLEAUT32.dll,C:\WINDOWS\system32\OLEAUT32.dll
3588,iertutil.dll,C:\WINDOWS\system32\iertutil.dll
3588,USP10.dll,C:\WINDOWS\system32\USP10.dll
3588,PSAPI.DLL,C:\WINDOWS\system32\PSAPI.DLL
3588,WINSPOOL.DRV,C:\WINDOWS\system32\WINSPOOL.DRV
3588,CRYPT32.dll,C:\WINDOWS\system32\CRYPT32.dll
3588,MSASN1.dll,C:\WINDOWS\system32\MSASN1.dll
3588,IPHLPAPI.DLL,C:\WINDOWS\system32\IPHLPAPI.DLL
3588,WS2_32.dll,C:\WINDOWS\system32\WS2_32.dll
3588,WS2HELP.dll,C:\WINDOWS\system32\WS2HELP.dll
3588,dbghelp.dll,C:\WINDOWS\system32\dbghelp.dll
3588,uxtheme.dll,C:\WINDOWS\system32\uxtheme.dll
3588,pdf.dll,C:\Program Files\Google\Chrome\Application\34.0.1847.116\pdf.dll
3588,ppGoogleNaClPluginChrome.dll,C:\Program Files\Google\Chrome\Application\34.0.1847.116\ppGoogleNaClPluginChrome.dll
3588,libpeerconnection.dll,C:\Program Files\Google\Chrome\Application\34.0.1847.116\libpeerconnection.dll
3588,LPK.DLL,C:\WINDOWS\system32\LPK.DLL
3588,ffmpegsumo.dll,C:\Program Files\Google\Chrome\Application\34.0.1847.116\ffmpegsumo.dll
3744,win32dd.exe,C:\Documents and Settings\Administrator\My Documents\Incident Response Suites\CMATv1.02a\win32dd.exe
3744,ntdll.dll,C:\WINDOWS\system32\ntdll.dll
3744,kernel32.dll,C:\WINDOWS\system32\kernel32.dll
3744,USER32.dll,C:\WINDOWS\system32\USER32.dll
3744,GDI32.dll,C:\WINDOWS\system32\GDI32.dll
3744,WS2_32.dll,C:\WINDOWS\system32\WS2_32.dll
3744,ADVAPI32.dll,C:\WINDOWS\system32\ADVAPI32.dll
3744,RPCRT4.dll,C:\WINDOWS\system32\RPCRT4.dll
3744,Secur32.dll,C:\WINDOWS\system32\Secur32.dll
3744,msvcrt.dll,C:\WINDOWS\system32\msvcrt.dll
3744,WS2HELP.dll,C:\WINDOWS\system32\WS2HELP.dll
3744,POWRPROF.dll,C:\WINDOWS\system32\POWRPROF.dll
3744,IMM32.DLL,C:\WINDOWS\system32\IMM32.DLL
